id,label,node_type,strain_id,module_id,entity_class,identifier,description,source_url,kegg_gene_ids,ko_ids,ec_numbers,kegg_pathways,kegg_modules,ncbi_protein_ids,uniprot_ids,pubchem_cid,kegg_compound,chebi_id,metacyc_candidate,metacyc_status,annotation_status
strain:gmet_gs15,Geobacter metallireducens GS-15,strain,gmet_gs15,,organism,NC_007517,Fe(III)-reducing anaerobe with broad aromatic compound metabolism and metal reduction capability,https://pmc.ncbi.nlm.nih.gov/articles/PMC2700814/,,,,,,,,,,,,,seed_curated
strain:gsu_pca,Geobacter sulfurreducens PCA,strain,gsu_pca,,organism,KEGG:gsi/gsu,Model electroactive Geobacter strain with extensive extracellular electron-transfer and metal-reduction machinery,https://pmc.ncbi.nlm.nih.gov/articles/PMC5585712/,,,,,,,,,,,,,seed_curated
strain:glov_sz,Geobacter lovleyi strain SZ,strain,glov_sz,,organism,,Metal-reducing and tetrachloroethene/trichloroethene-dechlorinating Geobacter species,https://pmc.ncbi.nlm.nih.gov/articles/PMC1448980/,,,,,,,,,,,,,seed_curated
strain:geo_iae,Geobacter sp. strain IAE,strain,geo_iae,,organism,GenBank:MW990083,"Enrichment-derived Geobacter population linked to 1,2-DCA and 1,1,2-TCA dihaloelimination",https://www.osti.gov/servlets/purl/1860551,,,,,,,,,,,,,seed_curated
module:gmet_aromatics,GS-15 anaerobic aromatics module,module,gmet_gs15,gmet_aromatics,pathway_module,,Aromatic and phenolic compound activation to benzoyl-CoA and downstream anaerobic ring reduction,https://pmc.ncbi.nlm.nih.gov/articles/PMC1924859/,,,,,,,,,,,,,seed_curated
module:gmet_arsenic,GS-15 arsenic module,module,gmet_gs15,gmet_arsenic,pathway_module,,Arsenic detoxification and predicted arsenite methylation capacity,https://pmc.ncbi.nlm.nih.gov/articles/PMC5288829/,,,,,,,,,,,,,seed_curated
module:gsu_arsenic,PCA arsenic detoxification module,module,gsu_pca,gsu_arsenic,pathway_module,,Experimentally supported ars operon regulating arsenate reduction and arsenite efflux,https://pmc.ncbi.nlm.nih.gov/articles/PMC5288829/,,,,,,,,,,,,,seed_curated
module:gsu_metal_redox,PCA extracellular metal-redox module,module,gsu_pca,gsu_metal_redox,pathway_module,,Cytochrome-mediated reduction of soluble and extracellular metals,https://www.frontiersin.org/journals/microbiology/articles/10.3389/fmicb.2022.909109/full,,,,,,,,,,,,,seed_curated
module:glov_organochlorine,SZ organochlorine module,module,glov_sz,glov_organochlorine,pathway_module,,Phenotype-supported chlororespiration of PCE and TCE to cis-DCE,https://pmc.ncbi.nlm.nih.gov/articles/PMC1448980/,,,,,,,,,,,,,seed_curated
module:geo_iae_organochlorine,IAE chlorinated ethane module,module,geo_iae,geo_iae_organochlorine,pathway_module,,Population-dynamics-supported dihaloelimination of chlorinated ethanes,https://www.osti.gov/servlets/purl/1860551,,,,,,,,,,,,,seed_curated
gene:gmet_bsscab,Gmet_1538-Gmet_1540 bssCAB,gene,gmet_gs15,gmet_aromatics,enzyme_cluster,Gmet_1538-Gmet_1540,Benzylsuccinate synthase cluster for anaerobic toluene activation,https://pmc.ncbi.nlm.nih.gov/articles/PMC1924859/,gme:Gmet_1538;gme:Gmet_1539;gme:Gmet_1540,K07540;K29040;K29041,4.1.99.11,gme00623;gme01100;gme01120;gme01220,,ABB31772;ABB31773;ABB31774,Q39VF0;Q39VF1;Q39VF2,,,,,,kegg_enriched
gene:gmet_bbsabcd,Gmet_1528-Gmet_1531 bbsABCD,gene,gmet_gs15,gmet_aromatics,enzyme_cluster,Gmet_1528-Gmet_1531,Benzylsuccinate oxidation cluster downstream of toluene activation,https://pmc.ncbi.nlm.nih.gov/articles/PMC1924859/,gme:Gmet_1528;gme:Gmet_1529;gme:Gmet_1530;gme:Gmet_1531,K07548;K07549;K07550,1.1.1.429;2.3.1.310,gme00623;gme01100;gme01120;gme01220,,ABB31762;ABB31763;ABB31764;ABB31765,Q39VF9;Q39VG0;Q39VG1;Q39VG2,,,,,,kegg_enriched
gene:gmet_bbs_efgh,Gmet_1521-Gmet_1524 bbsEFGH,gene,gmet_gs15,gmet_aromatics,enzyme_cluster,Gmet_1521-Gmet_1524,Additional benzylsuccinate oxidation cluster,https://pmc.ncbi.nlm.nih.gov/articles/PMC1924859/,gme:Gmet_1521;gme:Gmet_1522;gme:Gmet_1523;gme:Gmet_1524,K07543;K07544;K07545;K07546,1.3.8.3;2.8.3.15;4.2.1.180,gme00623;gme01100;gme01120;gme01220,,ABB31755;ABB31756;ABB31757;ABB31758,Q39VG6;Q39VG7;Q39VG8;Q39VG9,,,,,,kegg_enriched
gene:gmet_phenylphosphate_synthase,Gmet_2100-Gmet_2101 phenylphosphate synthase,gene,gmet_gs15,gmet_aromatics,enzyme_cluster,Gmet_2100-Gmet_2101,Two-subunit phenylphosphate synthase predicted for anaerobic phenol metabolism,https://pmc.ncbi.nlm.nih.gov/articles/PMC1924859/,gme:Gmet_2100;gme:Gmet_2101,K25936;K25937,2.7.1.238,gme00627;gme01120,,ABB32329;ABB32330,Q39TU4;Q39TU5,,,,,,kegg_enriched
gene:gmet_phenylphosphate_carboxylase,Gmet_2102 phenylphosphate carboxylase,gene,gmet_gs15,gmet_aromatics,enzyme,Gmet_2102,Phenylphosphate carboxylase predicted to convert phenylphosphate toward 4-hydroxybenzoate,https://pmc.ncbi.nlm.nih.gov/articles/PMC1924859/,gme:Gmet_2102,,,,,ABB32331,Q39TU3,,,,,,kegg_enriched
gene:gmet_p_cresol_methylhydroxylase,Gmet_2125-Gmet_2126 p-cresol methylhydroxylase,gene,gmet_gs15,gmet_aromatics,enzyme_cluster,Gmet_2125-Gmet_2126,Two-subunit methylhydroxylase homologs for p-cresol metabolism,https://pmc.ncbi.nlm.nih.gov/articles/PMC1924859/,gme:Gmet_2125;gme:Gmet_2126,K05797,1.17.9.1,gme00623;gme01100;gme01120,,ABB32354;ABB32355,Q39TR9;Q39TS0,,,,,,kegg_enriched
gene:gmet_2131_dehydrogenase,Gmet_2131 aldehyde dehydrogenase,gene,gmet_gs15,gmet_aromatics,enzyme,Gmet_2131,Predicted dehydrogenase for 4-hydroxybenzaldehyde and benzaldehyde conversion,https://pmc.ncbi.nlm.nih.gov/articles/PMC1924859/,gme:Gmet_2131,K21802,1.2.1.67,gme00627;gme01100;gme01120,,ABB32360,Q39TR4,,,,,,kegg_enriched
gene:gmet_2235_dehydrogenase,Gmet_2235 benzyl alcohol dehydrogenase,gene,gmet_gs15,gmet_aromatics,enzyme,Gmet_2235,Predicted benzyl alcohol dehydrogenase,https://pmc.ncbi.nlm.nih.gov/articles/PMC1924859/,gme:Gmet_2235,K00004,1.1.1.303;1.1.1.4,gme00650;gme01110,,ABB32462,Q39TG2,,,,,,kegg_enriched
gene:gmet_4hbcoa_reductase,Gmet_2134-Gmet_2136 4-hydroxybenzoyl-CoA reductase,gene,gmet_gs15,gmet_aromatics,enzyme_cluster,Gmet_2134-Gmet_2136,4-hydroxybenzoyl-CoA reductase operon-like cluster,https://pmc.ncbi.nlm.nih.gov/articles/PMC1924859/,gme:Gmet_2134;gme:Gmet_2135;gme:Gmet_2136,K03519,1.2.5.3,,,ABB32363;ABB32364;ABB32365,Q39TQ9;Q39TR0;Q39TR1,,,,,,kegg_enriched
gene:gmet_bam_y,Gmet_2143 benzoate-CoA ligase,gene,gmet_gs15,gmet_aromatics,enzyme,Gmet_2143,Predicted benzoate-CoA ligase/BclA/BamY for benzoate activation,https://pmc.ncbi.nlm.nih.gov/articles/PMC1924859/,gme:Gmet_2143,,,,,ABB32372,Q39TQ2,,,,,,kegg_enriched
gene:gmet_bamb,Gmet_2087 BamB,gene,gmet_gs15,gmet_aromatics,enzyme,Gmet_2087,Putative dearomatizing enzyme component strongly induced during benzoate oxidation,https://pmc.ncbi.nlm.nih.gov/articles/PMC1924859/,gme:Gmet_2087,K19515,1.3.-.-,gme00362;gme01100;gme01120;gme01220,gme_M00541,ABB32316,Q39TV8,,,,,,kegg_enriched
gene:gmet_bamc,Gmet_2086 BamC,gene,gmet_gs15,gmet_aromatics,enzyme,Gmet_2086,4Fe-4S binding component induced during benzoate oxidation,https://pmc.ncbi.nlm.nih.gov/articles/PMC1924859/,gme:Gmet_2086,K19516,1.3.-.-,gme00362;gme01100;gme01120;gme01220,gme_M00541,ABB32315,Q39TV9,,,,,,kegg_enriched
gene:gmet_bamr,Gmet_2150 BamR/Dch,gene,gmet_gs15,gmet_aromatics,enzyme,Gmet_2150,"Cyclohexa-1,5-diene-1-carbonyl-CoA hydratase induced during benzoate oxidation",https://pmc.ncbi.nlm.nih.gov/articles/PMC1924859/,gme:Gmet_2150,K07537,4.2.1.100,gme00362;gme01100;gme01120;gme01220,gme_M00541,ABB32379,Q39TP5,,,,,,kegg_enriched
gene:gmet_bamq,Gmet_2151 BamQ/Had,gene,gmet_gs15,gmet_aromatics,enzyme,Gmet_2151,6-hydroxycyclohex-1-en-1-carbonyl-CoA dehydrogenase induced during benzoate oxidation,https://pmc.ncbi.nlm.nih.gov/articles/PMC1924859/,gme:Gmet_2151,K07538,1.1.1.368,gme00362;gme01100;gme01120;gme01220,gme_M00541,ABB32380,Q39TP4,,,,,,kegg_enriched
gene:gmet_oah2,Gmet_3305 Oah2,gene,gmet_gs15,gmet_aromatics,enzyme,Gmet_3305,6-oxocyclohex-1-ene-1-carbonyl-CoA hydratase paralog induced during benzoate oxidation,https://pmc.ncbi.nlm.nih.gov/articles/PMC1924859/,gme:Gmet_3305,K07539,3.7.1.21,gme00362;gme01100;gme01120;gme01220,gme_M00541,ABB33518,Q39QF6,,,,,,kegg_enriched
gene:gsu_ars_operon,GSU2950-GSU2959 ars operon,gene,gsu_pca,gsu_arsenic,operon,GSU2950-GSU2959,Arsenic detoxification operon containing arsR1 arsC acr3 arsP thioredoxin and efflux components,https://pmc.ncbi.nlm.nih.gov/articles/PMC5288829/,gsu:GSU2950;gsu:GSU2951;gsu:GSU2952;gsu:GSU2953;gsu:GSU2954;gsu:GSU2955;gsu:GSU2956;gsu:GSU2957;gsu:GSU2958;gsu:GSU2959,K02049;K02050;K03325;K03671;K03741;K03892;K06196;K07089,1.20.4.4,,,AAR36342;AAR36343;AAR36344;AAR36345;AAR36346;AAR36347;AAR36348;AAR36349;AAR36350;AAR36351,Q748P2;Q748P3;Q748P4;Q748P5;Q748P6;Q748P7;Q748P8;Q748P9;Q748Q0;Q748Q1,,,,,,kegg_enriched
gene:gsu_arsr1,GSU2952 ArsR1,gene,gsu_pca,gsu_arsenic,regulator,GSU2952,ArsR-family regulator controlling the G. sulfurreducens ars operon,https://pmc.ncbi.nlm.nih.gov/articles/PMC5288829/,gsu:GSU2952,K03892,,,,AAR36344,Q748P9,,,,,,kegg_enriched
gene:gsu_arsc,GSU2953 ArsC,gene,gsu_pca,gsu_arsenic,enzyme,GSU2953,Thioredoxin-associated arsenate reductase,https://pmc.ncbi.nlm.nih.gov/articles/PMC5288829/,gsu:GSU2953,K03741,1.20.4.4,,,AAR36345,Q748P8,,,,,,kegg_enriched
gene:gsu_acr3,GSU2954 Acr3,gene,gsu_pca,gsu_arsenic,transporter,GSU2954,Arsenite efflux pump required for arsenic tolerance,https://pmc.ncbi.nlm.nih.gov/articles/PMC5288829/,gsu:GSU2954,K03325,,,,AAR36346,Q748P7,,,,,,kegg_enriched
gene:gmet_arsc,Gmet_0521 ArsC,gene,gmet_gs15,gmet_arsenic,enzyme,Gmet_0521,Predicted arsenate reductase in G. metallireducens,https://pmc.ncbi.nlm.nih.gov/articles/PMC5288829/,gme:Gmet_0521,K03741,1.20.4.4,,,ABB30764,Q39YB0,,,,,,kegg_enriched
gene:gmet_acr3,Gmet_0520 Acr3,gene,gmet_gs15,gmet_arsenic,transporter,Gmet_0520,Predicted arsenite efflux pump in G. metallireducens,https://pmc.ncbi.nlm.nih.gov/articles/PMC5288829/,gme:Gmet_0520,K03325,,,,ABB30763,Q39YB1,,,,,,kegg_enriched
gene:gmet_arsm,Gmet_2791 ArsM,gene,gmet_gs15,gmet_arsenic,enzyme,Gmet_2791,Predicted arsenite S-adenosylmethyltransferase,https://pmc.ncbi.nlm.nih.gov/articles/PMC5288829/,gme:Gmet_2791,K07755,2.1.1.137,,,ABB33009,Q39RW5,,,,,,kegg_enriched
system:gsu_eet_cytochromes,PCA multiheme c-type cytochrome EET system,system,gsu_pca,gsu_metal_redox,redox_system,"ImcH,CbcL,PpcA-E,OmcB,OmcE,OmcS,OmcT,OmcZ",Extracellular electron-transfer system supporting metal/electrode reduction,https://pmc.ncbi.nlm.nih.gov/articles/PMC5585712/,,,,,,,,,,,,,seed_curated
system:glov_unknown_rdase,SZ organohalide reductive dechlorination system,system,glov_sz,glov_organochlorine,redox_system,unresolved,Phenotype-supported PCE/TCE chlororespiration system; specific rdase assignment unresolved in this seed graph,https://pmc.ncbi.nlm.nih.gov/articles/PMC1448980/,,,,,,,,,,,,,seed_curated
system:geo_iae_unknown_rdase,IAE chlorinated-ethane dihaloelimination system,system,geo_iae,geo_iae_organochlorine,redox_system,unresolved,Population-dynamics-supported dihaloelimination system; specific rdase assignment unresolved in this seed graph,https://www.osti.gov/servlets/purl/1860551,,,,,,,,,,,,,seed_curated
compound:toluene,Toluene,compound,,gmet_aromatics,monoaromatic,PubChem:1140,Aromatic hydrocarbon and environmental pollutant,https://pmc.ncbi.nlm.nih.gov/articles/PMC1924859/,,,,,,,,1140,C01455,CHEBI:17578,TOLUENE,candidate_unverified,compound_xref_enriched
compound:phenol,Phenol,compound,,gmet_aromatics,phenolic,PubChem:996,Phenolic aromatic substrate for G. metallireducens,https://pmc.ncbi.nlm.nih.gov/articles/PMC1924859/,,,,,,,,996,C00146,CHEBI:15882,PHENOL,candidate_unverified,compound_xref_enriched
compound:p_cresol,p-Cresol,compound,,gmet_aromatics,phenolic,PubChem:2879,Methylphenol substrate for G. metallireducens,https://pmc.ncbi.nlm.nih.gov/articles/PMC1924859/,,,,,,,,2879,C01468,CHEBI:17847,P-CRESOL,candidate_unverified,compound_xref_enriched
compound:benzyl_alcohol,Benzyl alcohol,compound,,gmet_aromatics,aromatic_alcohol,PubChem:244,Aromatic alcohol substrate,https://pmc.ncbi.nlm.nih.gov/articles/PMC1924859/,,,,,,,,244,C00556,CHEBI:17987,BENZYL-ALCOHOL,candidate_unverified,compound_xref_enriched
compound:benzaldehyde,Benzaldehyde,compound,,gmet_aromatics,aromatic_aldehyde,PubChem:240,Aromatic aldehyde substrate,https://pmc.ncbi.nlm.nih.gov/articles/PMC1924859/,,,,,,,,240,C00261,CHEBI:17169,BENZALDEHYDE,candidate_unverified,compound_xref_enriched
compound:4_hydroxybenzaldehyde,4-Hydroxybenzaldehyde,compound,,gmet_aromatics,aromatic_aldehyde,PubChem:126,Hydroxyaromatic aldehyde substrate,https://pmc.ncbi.nlm.nih.gov/articles/PMC1924859/,,,,,,,,126,C00633,CHEBI:17702,CPD-125,candidate_unverified,compound_xref_enriched
compound:4_hydroxybenzoate,4-Hydroxybenzoate,compound,,gmet_aromatics,hydroxybenzoate,ChEBI:30763,Hydroxybenzoate intermediate/substrate,https://pmc.ncbi.nlm.nih.gov/articles/PMC1924859/,,,,,,,,135,C00156,CHEBI:30763,4-HYDROXYBENZOATE,candidate_unverified,compound_xref_enriched
compound:benzoate,Benzoate,compound,,gmet_aromatics,aromatic_acid,ChEBI:16150,Central aromatic acid feeding benzoyl-CoA metabolism,https://pmc.ncbi.nlm.nih.gov/articles/PMC1924859/,,,,,,,,242,C00180,CHEBI:16150,BENZOATE,candidate_unverified,compound_xref_enriched
compound:benzoyl_coa,Benzoyl-CoA,compound,,gmet_aromatics,central_intermediate,ChEBI:15515,Central anaerobic aromatic degradation intermediate,https://pmc.ncbi.nlm.nih.gov/articles/PMC1924859/,,,,,,,,9543169,C00512,CHEBI:15515,BENZOYL-COA,candidate_unverified,compound_xref_enriched
compound:3_hydroxypimelyl_coa,3-Hydroxypimelyl-CoA,compound,,gmet_aromatics,downstream_intermediate,,Dearomatized downstream intermediate leading to acetyl-CoA,https://pmc.ncbi.nlm.nih.gov/articles/PMC1924859/,,,,,,,,,,,,,seed_curated
compound:acetyl_coa,Acetyl-CoA,compound,,gmet_aromatics,central_metabolite,ChEBI:15351,Central metabolite generated by downstream aromatic degradation,https://pmc.ncbi.nlm.nih.gov/articles/PMC1924859/,,,,,,,,444493,C00024,CHEBI:15351,ACETYL-COA,candidate_unverified,compound_xref_enriched
compound:arsenate,Arsenate As(V),compound,,gsu_arsenic;gmet_arsenic,inorganic_toxicant,ChEBI:22631,Oxidized arsenic species reduced by ArsC for detoxification,https://pmc.ncbi.nlm.nih.gov/articles/PMC5288829/,,,,,,,,27401,C11215,CHEBI:22631,,,compound_xref_enriched
compound:arsenite,Arsenite As(III),compound,,gsu_arsenic;gmet_arsenic,inorganic_toxicant,ChEBI:22632,Reduced arsenic species exported by Acr3 and potentially methylated by ArsM in some species,https://pmc.ncbi.nlm.nih.gov/articles/PMC5288829/,,,,,,,,544,C06697,CHEBI:22632,,,compound_xref_enriched
compound:chromate,Chromate Cr(VI),compound,,gsu_metal_redox,inorganic_toxicant,ChEBI:35404,Toxic hexavalent chromium oxyanion reduced by G. sulfurreducens cells,https://www.frontiersin.org/journals/microbiology/articles/10.3389/fmicb.2022.909109/full,,,,,,,,24461,,CHEBI:35404,,,compound_xref_enriched
compound:chromium_iii,Chromium(III),compound,,gsu_metal_redox,reduced_metal_product,,Reduced Cr(III) product,https://www.frontiersin.org/journals/microbiology/articles/10.3389/fmicb.2022.909109/full,,,,,,,,,,,,,seed_curated
compound:uranium_vi,Uranium(VI),compound,,gsu_metal_redox;glov_organochlorine,radionuclide_toxicant,,Soluble uranium species reducible by Geobacter biofilms/strains,https://pmc.ncbi.nlm.nih.gov/articles/PMC4249037/,,,,,,,,,,,,,compound_xref_enriched
compound:uranium_iv,Uranium(IV),compound,,gsu_metal_redox;glov_organochlorine,reduced_radionuclide_product,,Reduced uranium species associated with immobilization,https://pmc.ncbi.nlm.nih.gov/articles/PMC4249037/,,,,,,,,,,,,,compound_xref_enriched
compound:vanadium_v,Vanadium(V),compound,,gsu_metal_redox,inorganic_toxicant,,VO2(edta)3- model oxidant reduced by G. sulfurreducens,https://www.frontiersin.org/journals/microbiology/articles/10.3389/fmicb.2022.909109/full,,,,,,,,,,,,,compound_xref_enriched
compound:vanadium_iv,Vanadium(IV),compound,,gsu_metal_redox,reduced_metal_product,,Reduced vanadium product,https://www.frontiersin.org/journals/microbiology/articles/10.3389/fmicb.2022.909109/full,,,,,,,,,,,,,compound_xref_enriched
compound:manganese_vii,Permanganate Mn(VII),compound,,gsu_metal_redox,inorganic_oxidant,,Permanganate model oxidant reduced by G. sulfurreducens,https://www.frontiersin.org/journals/microbiology/articles/10.3389/fmicb.2022.909109/full,,,,,,,,,,,,,compound_xref_enriched
compound:manganese_iv,Manganese(IV),compound,,gsu_metal_redox,reduced_metal_product,,Reduced Mn(IV) product from permanganate in kinetic study,https://www.frontiersin.org/journals/microbiology/articles/10.3389/fmicb.2022.909109/full,,,,,,,,,,,,,compound_xref_enriched
compound:pce,Tetrachloroethene PCE,compound,,glov_organochlorine,organohalide,PubChem:31373,Chlorinated ethene electron acceptor reduced by G. lovleyi SZ,https://pmc.ncbi.nlm.nih.gov/articles/PMC1448980/,,,,,,,,31373,C06789,CHEBI:17300,TETRACHLOROETHENE,candidate_unverified,compound_xref_enriched
compound:tce,Trichloroethene TCE,compound,,glov_organochlorine,organohalide,PubChem:6575,Chlorinated ethene electron acceptor reduced by G. lovleyi SZ,https://pmc.ncbi.nlm.nih.gov/articles/PMC1448980/,,,,,,,,6575,C06790,CHEBI:16602,TRICHLOROETHENE,candidate_unverified,compound_xref_enriched
compound:cis_dce,"cis-1,2-Dichloroethene",compound,,glov_organochlorine,organohalide_product,PubChem:643833,Product of PCE/TCE dechlorination by G. lovleyi SZ,https://pmc.ncbi.nlm.nih.gov/articles/PMC1448980/,,,,,,,,643833,C06792,CHEBI:28805,"CIS-1,2-DICHLOROETHENE",candidate_unverified,compound_xref_enriched
compound:1_2_dca,"1,2-Dichloroethane",compound,,geo_iae_organochlorine,organohalide,PubChem:11,Chlorinated ethane substrate dihaloeliminated by Geobacter sp. strain IAE,https://www.osti.gov/servlets/purl/1860551,,,,,,,,11,C06752,CHEBI:27789,"1,2-DICHLOROETHANE",candidate_unverified,compound_xref_enriched
compound:1_1_2_tca,"1,1,2-Trichloroethane",compound,,geo_iae_organochlorine,organohalide,PubChem:6574,Chlorinated ethane substrate dihaloeliminated by Geobacter sp. strain IAE,https://www.osti.gov/servlets/purl/1860551,,,,,,,,6574,C19536,CHEBI:36018,"1,1,2-TRICHLOROETHANE",candidate_unverified,compound_xref_enriched
compound:vinyl_chloride,Vinyl chloride,compound,,geo_iae_organochlorine,organohalide_intermediate,PubChem:6338,"Product of 1,1,2-TCA dihaloelimination and substrate for partner Dhc hydrogenolysis",https://www.osti.gov/servlets/purl/1860551,,,,,,,,6338,C06793,CHEBI:28509,VINYL-CHLORIDE,candidate_unverified,compound_xref_enriched
compound:ethene,Ethene,compound,,geo_iae_organochlorine,detoxified_product,PubChem:6325,"Benign dechlorination product from 1,2-DCA and final product in IAE-Dhc consortium",https://www.osti.gov/servlets/purl/1860551,,,,,,,,6325,C06547,CHEBI:18153,ETHYLENE,candidate_unverified,compound_xref_enriched
strain:dhc_195,Dehalococcoides mccartyi 195,strain,dhc_195,,organism,NCBI Taxonomy 243164,"Obligate organohalide-respiring anaerobe (Chloroflexota) that catalyzes complete reductive dechlorination of tetrachloroethene (PCE) through TCE, cis-DCE, and vinyl chloride to non-toxic ethene. Terminal-step dehalogenator distinct from Geobacter which stalls at cis-DCE.",https://pubmed.ncbi.nlm.nih.gov/17513589/,,,,,,,,,,,,,seed_curated
module:dhc_organohalide,Dehalococcoides complete-dechlorination module,module,dhc_195,dhc_organohalide,pathway_module,,"Sequential reductive-dehalogenase system (RdhA family): PceA (PCE to TCE), TceA (TCE to cis-DCE), VcrA and BvcA (cis-DCE and VC to ethene). Enables organohalide respiration to the terminal ethene product.",https://pubmed.ncbi.nlm.nih.gov/17513589/,,,,,,,,,,,,,seed_curated
gene:dhc_pcea,PceA reductive dehalogenase (Dhc),gene,dhc_195,dhc_organohalide,enzyme_cluster,DET0318 (pceA),First-step reductive dehalogenase; converts PCE to TCE.,https://pubmed.ncbi.nlm.nih.gov/17513589/,,,,,,,,,,,,,seed_curated
gene:dhc_tcea,TceA reductive dehalogenase (Dhc),gene,dhc_195,dhc_organohalide,enzyme_cluster,DET0079 (tceA),TCE-dechlorinating reductive dehalogenase; converts TCE to cis-DCE.,https://pubmed.ncbi.nlm.nih.gov/17513589/,,,,,,,,,,,,,seed_curated
gene:dhc_vcra,VcrA/BvcA reductive dehalogenase (Dhc),gene,dhc_195,dhc_organohalide,enzyme_cluster,vcrA (VS strain) / bvcA (BAV1),Terminal-step reductive dehalogenase; converts cis-DCE and VC to non-toxic ethene.,https://pubmed.ncbi.nlm.nih.gov/17513589/,,,,,,,,,,,,,seed_curated
strain:ppu_kt2440,Pseudomonas putida KT2440,strain,ppu_kt2440,,organism,NCBI Taxonomy 160488,"Aerobic soil pseudomonad; workhorse organism for oxidative aromatic and PAH catabolism. Multiple ring-hydroxylating dioxygenase systems including toluene/xylene monooxygenases, naphthalene dioxygenase, and aromatic amine oxidases. Distinct from Geobacter anaerobic route. [CAVEAT] CAVEAT - for the TodC1C2 toluene-dioxygenase catalytic claim a tod-specific enzymology citation should also be added, since KT2440 itself is not the classic tod host (tod originates in P. putida F1).",https://pubmed.ncbi.nlm.nih.gov/12534463/,,,,,,,,,,,,,seed_curated
module:ppu_pah_ring_hydroxylation,KT2440 PAH ring-hydroxylation module,module,ppu_kt2440,ppu_pah_ring_hydroxylation,pathway_module,,"Ring-hydroxylating-dioxygenase system based on todC1C2 (toluene dioxygenase) and NahAaAbAcAd (naphthalene dioxygenase) homologs. Initiates oxidative attack on aromatic hydrocarbons including benzo[a]pyrene ring systems. [CAVEAT] CAVEAT - no fetched source shows KT2440 NDO forming BaP-7,8-cis-dihydrodiol, so that specific compound/edge should be flagged as inferred or removed.",https://pubmed.ncbi.nlm.nih.gov/10986254/,,,,,,,,,,,,,seed_curated
gene:ppu_todc,TodC1C2 toluene dioxygenase (KT2440),gene,ppu_kt2440,ppu_pah_ring_hydroxylation,enzyme_cluster,PP_3268-PP_3269 (todC1 todC2 homologs),"Ring-hydroxylating dioxygenase; initial oxidative attack on aromatic ring. [CAVEAT] CAVEAT - for the TodC1C2 toluene-dioxygenase catalytic claim a tod-specific enzymology citation should also be added, since KT2440 itself is not the classic tod host (tod originates in P. putida F1).",https://pubmed.ncbi.nlm.nih.gov/12534463/,,,,,,,,,,,,,seed_curated
gene:ppu_ndo,NdoB / naphthalene dioxygenase homolog (KT2440),gene,ppu_kt2440,ppu_pah_ring_hydroxylation,enzyme_cluster,PP_2569-PP_2571 (nahAaAb homologs),"Naphthalene dioxygenase family enzyme active on PAH substrates including benzo[a]pyrene under some conditions. [CAVEAT] CAVEAT - no fetched source shows KT2440 NDO forming BaP-7,8-cis-dihydrodiol, so that specific compound/edge should be flagged as inferred or removed.",https://pubmed.ncbi.nlm.nih.gov/10986254/,,,,,,,,,,,,,seed_curated
compound:bap,Benzo[a]pyrene,compound,shared,,polycyclic_aromatic_hydrocarbon,BaP,"PAH exposure anchor; canonical CYP1A1/1B1 substrate in humans, aerobic dioxygenase substrate in bacteria.",https://academic.oup.com/toxsci/article/145/1/5/1627571,,,,,,,,,,,,,seed_curated
compound:bap_dihydrodiol,"BaP-7,8-cis-dihydrodiol (bacterial)",compound,shared,,aromatic_intermediate,"BaP-7,8-diol","cis-dihydrodiol product of bacterial dioxygenase attack on BaP; distinct from the CYP1A1-derived arene-oxide + trans-dihydrodiol that becomes BPDE in mammalian cells. [CAVEAT] CAVEAT - no fetched source shows KT2440 NDO forming BaP-7,8-cis-dihydrodiol, so that specific compound/edge should be flagged as inferred or removed.",https://pubmed.ncbi.nlm.nih.gov/10986254/,,,,,,,,,,,,,seed_curated
compound:four_abp,4-Aminobiphenyl,compound,shared,,aromatic_amine,4-ABP,Aromatic-amine bladder carcinogen; substrate for both bacterial aromatic-amine oxidase (aerobic deamination) and human CYP1A2 N-hydroxylation followed by NAT2 acetylation.,https://pubmed.ncbi.nlm.nih.gov/22367088/,,,,,,,,,,,,,seed_curated
strain:rho_erythropolis,Rhodococcus erythropolis,strain,rho_erythropolis,,organism,NCBI Taxonomy 1833,"Aerobic actinomycete with broad xenobiotic catabolism. Uses F420-dependent oxidoreductases (FDR-A/FDR-B family) to reduce the bisfuran ring of aflatoxin B1, opening the toxic lactone and disabling the CYP1A2-derived exo-8,9-epoxide bioactivation route. Distinct from mammalian bioactivation.",https://pubmed.ncbi.nlm.nih.gov/16061299/,,,,,,,,,,,,,seed_curated
module:rho_erythropolis_afb1_reduction,R. erythropolis AFB1-reductase module,module,rho_erythropolis,rho_erythropolis_afb1_reduction,pathway_module,,F420-dependent oxidoreductase system for the reduction and detoxification of aflatoxin B1. Substrate: AFB1; product: less-toxic reduced AFB1 species.,https://pubmed.ncbi.nlm.nih.gov/16061299/,,,,,,,,,,,,,seed_curated
gene:rho_fdr_afb1,"AFB1 reductase (inferred F420H2-dependent, R. erythropolis)",gene,rho_erythropolis,rho_erythropolis_afb1_reduction,enzyme_cluster,FDR-A / FDR-B homologs,"AFB1 reductase activity in R. erythropolis cell-free extracts (Teniola 2005, PMID 16061299). Cofactor attribution to F420H2 is inferred by homology to the widespread Actinomycetales FDR-A family (Lapalikar 2012, PMID 22383957); no R. erythropolis-specific cofactor identification is published.",https://pubmed.ncbi.nlm.nih.gov/22383957/,,,,,,,,,,,,,seed_curated
strain:rho_rha1,Rhodococcus sp. RHA1 (with R. ruber ENV425 co-reference),strain,rho_rha1,,organism,GenBank AY177363 (16S),"Rhodococcus sp. RHA1 (Sharp 2007, PMID 17873074) and Rhodococcus ruber ENV425 (Fournier 2009, PMID 19542346) are the two characterized aerobic NDMA-degrading actinomycetes; both encode an inducible propane monooxygenase that oxidizes N-nitrosodimethylamine to methylamine and formaldehyde. RHA1 is the primary reference strain in the graph; ENV425 is co-cited on the module and edges.",https://pubmed.ncbi.nlm.nih.gov/17873074/,,,,,,,,,,,,,seed_curated
module:rho_rha1_ndma_degradation,RHA1 NDMA-degradation module (with ENV425 co-reference),module,rho_rha1,rho_rha1_ndma_degradation,pathway_module,,"Inducible aerobic propane monooxygenase (prmABCD-like) oxidizes NDMA to methylamine and formaldehyde in Rhodococcus sp. RHA1 (Sharp 2007) and R. ruber ENV425 (Fournier 2009); a bacterial route absent from the human host, whose CYP2E1 instead bioactivates NDMA to DNA-methylating species.",https://pubmed.ncbi.nlm.nih.gov/17873074/,,,,,,,,,,,,,seed_curated
gene:rho_prmo_ndma,Propane-monooxygenase homolog for NDMA (Rhodococcus sp. RHA1),gene,rho_rha1,rho_rha1_ndma_degradation,enzyme_cluster,prmABCD homolog,Aerobic soluble propane-monooxygenase-family enzyme; initiates NDMA oxidation.,https://pubmed.ncbi.nlm.nih.gov/17873074/,,,,,,,,,,,,,seed_curated
compound:afb1,Aflatoxin B1,compound,shared,,mycotoxin,AFB1,"Mycotoxin from Aspergillus flavus and A. parasiticus; potent liver carcinogen via CYP1A2/3A4-derived exo-8,9-epoxide.",https://pubmed.ncbi.nlm.nih.gov/16061299/,,,,,,,,,,,,,seed_curated
compound:afb1_reduced,AFB1 reduced product,compound,shared,,detoxification_product,AFB1-reduced,"Bacterial reduction product of the AFB1 bisfuran; cannot form the mammalian exo-8,9-epoxide. Strain-specific activity from Teniola 2005 (PMID 16061299); F420H2 mechanism from Lapalikar 2012 (PMID 22383957).",https://pubmed.ncbi.nlm.nih.gov/22383957/,,,,,,,,,,,,,seed_curated
compound:ndma,N-Nitrosodimethylamine,compound,shared,,nitrosamine,NDMA,Small volatile nitrosamine; potent CYP2E1 substrate in mammalian bioactivation to methylating species.,https://pubmed.ncbi.nlm.nih.gov/17873074/,,,,,,,,,,,,,seed_curated
compound:methylamine,Methylamine,compound,shared,,aliphatic_amine,methylamine,Aerobic bacterial catabolic intermediate downstream of NDMA oxidation.,https://pubmed.ncbi.nlm.nih.gov/17873074/,,,,,,,,,,,,,seed_curated
strain:bthet_vpi5482,Bacteroides thetaiotaomicron VPI-5482,strain,bthet_vpi5482,,organism,NCBI Taxonomy 226186,"Abundant colonic Bacteroidetes; two catabolic modules relevant to xenobiotic handling. Azoreductase activity reduces aromatic-amine precursors; beta-glucuronidase deconjugates host-glucuronidated substrates including AFB1-N7-guanine glucuronide, releasing free carcinogen back into the lumen.",https://pubmed.ncbi.nlm.nih.gov/12663928/,,,,,,,,,,,,,seed_curated
module:bthet_azo_reduction,B. thetaiotaomicron gut azo-reduction module,module,bthet_vpi5482,bthet_azo_reduction,pathway_module,,"FMN-dependent azoreductase system; reductive cleavage of azo bonds. Handles aromatic amine precursor substrates including azo-linked benzidine and aminobiphenyl dyes. [CAVEAT] CAVEAT - a B. thetaiotaomicron-specific enzymology paper would be stronger; alternative supporting primary source: Rafii F, Franklin W, Cerniglia CE, Appl Environ Microbiol 1990, PMID 2202258, doi:10.1128/aem.56.7.2146-2151.1990.",https://pubmed.ncbi.nlm.nih.gov/36116790/,,,,,,,,,,,,,seed_curated
module:bthet_beta_glucuronidase,B. thetaiotaomicron beta-glucuronidase deconjugation module,module,bthet_vpi5482,bthet_beta_glucuronidase,pathway_module,,"Gut microbial beta-glucuronidase (GUS) family; hydrolyzes host-conjugated glucuronides in the intestinal lumen, releasing free aglycones back for reabsorption. Relevant to AFB1 detoxification counter-currents and other host-glucuronidated carcinogens. [CAVEAT] CAVEAT - AFB1-N7-guanine glucuronide is not itself an assayed substrate here, so that specific compound edge remains inferred.",https://pubmed.ncbi.nlm.nih.gov/28578872/,,,,,,,,,,,,,seed_curated
gene:bthet_azor,FMN-dependent azoreductase (B. thetaiotaomicron),gene,bthet_vpi5482,bthet_azo_reduction,enzyme_cluster,BT_1017 (azoR homolog),"FMN-dependent azoreductase; reductive cleavage of azo bonds. [CAVEAT] CAVEAT - a B. thetaiotaomicron-specific enzymology paper would be stronger; alternative supporting primary source: Rafii F, Franklin W, Cerniglia CE, Appl Environ Microbiol 1990, PMID 2202258, doi:10.1128/aem.56.7.2146-2151.1990.",https://pubmed.ncbi.nlm.nih.gov/36116790/,,,,,,,,,,,,,seed_curated
gene:bthet_gus,Beta-glucuronidase (B. thetaiotaomicron),gene,bthet_vpi5482,bthet_beta_glucuronidase,enzyme_cluster,BT_3086 (loop 1 GUS),"Loop-1 beta-glucuronidase; hydrolyzes glucuronide conjugates released via biliary excretion. [CAVEAT] CAVEAT - AFB1-N7-guanine glucuronide is not itself an assayed substrate here, so that specific compound edge remains inferred.",https://pubmed.ncbi.nlm.nih.gov/28578872/,,,,,,,,,,,,,seed_curated
strain:vpar_dsm2008,Veillonella parvula DSM 2008,strain,vpar_dsm2008,,organism,NCBI Taxonomy 479436,"Oral commensal (tongue biofilm) with anaerobic nitrate reductase (nap-type). Reduces salivary nitrate to nitrite; the second step (nitrite to nitric oxide and further) is oxygen-limited, so the oral cavity is not a strong endogenous nitrosation site. Provides ecosystem_outsourced reference for the nitrosamine axis. [CAVEAT] CAVEAT - it is not strain-DSM-2008-specific and does not evidence the nap/NapA gene assignment, so the gene-level rows should either cite a V. parvula genome/nap paper or be downgraded to inferred.",https://pubmed.ncbi.nlm.nih.gov/15693824/,,,,,,,,,,,,,seed_curated
module:vpar_oral_nitrate_reduction,V. parvula oral nitrate-reduction module,module,vpar_dsm2008,vpar_oral_nitrate_reduction,pathway_module,,"Periplasmic nitrate-reductase (nap-type) system; canonical driver of the entero-salivary nitrate cycle. [CAVEAT] CAVEAT - it is not strain-DSM-2008-specific and does not evidence the nap/NapA gene assignment, so the gene-level rows should either cite a V. parvula genome/nap paper or be downgraded to inferred.",https://pubmed.ncbi.nlm.nih.gov/15693824/,,,,,,,,,,,,,seed_curated
gene:vpar_nap,Napa periplasmic nitrate reductase (V. parvula),gene,vpar_dsm2008,vpar_oral_nitrate_reduction,enzyme_cluster,napA/napB homologs,"Periplasmic nitrate reductase; nitrate to nitrite. [CAVEAT] CAVEAT - it is not strain-DSM-2008-specific and does not evidence the nap/NapA gene assignment, so the gene-level rows should either cite a V. parvula genome/nap paper or be downgraded to inferred.",https://pubmed.ncbi.nlm.nih.gov/15693824/,,,,,,,,,,,,,seed_curated
compound:azo_4abp_dye,Azo-linked 4-aminobiphenyl precursor,compound,shared,,azo_dye,azo-4ABP,"Representative azo-linked aromatic-amine precursor; reductive cleavage by gut azoreductase releases free 4-ABP. [CAVEAT] CAVEAT - a B. thetaiotaomicron-specific enzymology paper would be stronger; alternative supporting primary source: Rafii F, Franklin W, Cerniglia CE, Appl Environ Microbiol 1990, PMID 2202258, doi:10.1128/aem.56.7.2146-2151.1990.",https://pubmed.ncbi.nlm.nih.gov/36116790/,,,,,,,,,,,,,seed_curated
compound:afb1_n7_gluc,AFB1-N7-guanine glucuronide,compound,shared,,glucuronide_conjugate,AFB1-N7-guanine-Gluc,"Host-conjugated AFB1-derived glucuronide; substrate for microbial beta-glucuronidase deconjugation. [CAVEAT] CAVEAT - AFB1-N7-guanine glucuronide is not itself an assayed substrate here, so that specific compound edge remains inferred.",https://pubmed.ncbi.nlm.nih.gov/28578872/,,,,,,,,,,,,,seed_curated
compound:nitrate,Nitrate,compound,shared,,inorganic_nitrogen,NO3-,"Dietary nitrate entering the entero-salivary cycle. [CAVEAT] CAVEAT - it is not strain-DSM-2008-specific and does not evidence the nap/NapA gene assignment, so the gene-level rows should either cite a V. parvula genome/nap paper or be downgraded to inferred.",https://pubmed.ncbi.nlm.nih.gov/15693824/,,,,,,,,,,,,,seed_curated
compound:nitrite,Nitrite,compound,shared,,inorganic_nitrogen,NO2-,"Reduced product of oral nitrate reduction; feeds N-nitrosation reactions in acidic stomach. [CAVEAT] CAVEAT - it is not strain-DSM-2008-specific and does not evidence the nap/NapA gene assignment, so the gene-level rows should either cite a V. parvula genome/nap paper or be downgraded to inferred.",https://pubmed.ncbi.nlm.nih.gov/15693824/,,,,,,,,,,,,,seed_curated
strain:mvan_pyr1,Mycobacterium vanbaalenii PYR-1,strain,mvan_pyr1,,organism,NCBI Taxonomy 350058,"Aerobic actinomycete; canonical bacterial degrader of high-molecular-weight PAHs including pyrene, chrysene, and benzo[a]pyrene. Uses ring-hydroxylating dioxygenases (NidAB, PdoAB) that attack multiple ring positions in BaP, producing cis-dihydrodiols that feed downstream aerobic catabolism. Distinct from mammalian CYP1A1/1B1-derived arene-oxide route.",https://pubmed.ncbi.nlm.nih.gov/12508859/,,,,,,,,,,,,,seed_curated
module:mvan_pyr1_highmw_pah,M. vanbaalenii PYR-1 high-MW PAH degradation module,module,mvan_pyr1,mvan_pyr1_highmw_pah,pathway_module,,"Ring-hydroxylating dioxygenase system: NidAB (nid) and PdoAB (pdo) large-subunit dioxygenases attack multiple ring positions in pyrene, chrysene, and benzo[a]pyrene. Feeds meta-cleavage and further oxidative catabolism.",https://pubmed.ncbi.nlm.nih.gov/16461648/,,,,,,,,,,,,,seed_curated
gene:mvan_nidab,NidAB PAH ring-hydroxylating dioxygenase (M. vanbaalenii),gene,mvan_pyr1,mvan_pyr1_highmw_pah,enzyme_cluster,Mvan_0546-Mvan_0547 (nidA nidB),PAH-active ring-hydroxylating dioxygenase; catalyzes initial oxidative attack on high-MW PAH substrates including pyrene and benzo[a]pyrene.,https://pubmed.ncbi.nlm.nih.gov/16461648/,,,,,,,,,,,,,seed_curated
gene:mvan_pdoab,PdoAB PAH ring-hydroxylating dioxygenase (M. vanbaalenii),gene,mvan_pyr1,mvan_pyr1_highmw_pah,enzyme_cluster,Mvan_0470-Mvan_0471 (pdoA pdoB),Second PAH ring-hydroxylating dioxygenase system; complements NidAB for broader PAH substrate range.,https://pubmed.ncbi.nlm.nih.gov/16461648/,,,,,,,,,,,,,seed_curated
compound:pyrene,Pyrene,compound,shared,,polycyclic_aromatic_hydrocarbon,pyrene,Four-ring high-MW PAH; canonical substrate for M. vanbaalenii PYR-1 ring-hydroxylating dioxygenases.,https://pubmed.ncbi.nlm.nih.gov/16461648/,,,,,,,,,,,,,seed_curated
compound:pyrene_dihydrodiol,"Pyrene-4,5-cis-dihydrodiol (bacterial)",compound,shared,,aromatic_intermediate,pyrene-dihydrodiol,cis-dihydrodiol product of NidAB/PdoAB attack on pyrene; feeds meta-cleavage catabolism.,https://pubmed.ncbi.nlm.nih.gov/16461648/,,,,,,,,,,,,,seed_curated
strain:rpal_cga009,Rhodopseudomonas palustris CGA009,strain,rpal_cga009,,organism,NCBI Taxonomy 258594,"Anoxygenic photosynthetic proteobacterium; carries the arsM S-adenosylmethionine-dependent arsenic methyltransferase. Methylates inorganic arsenite to monomethylarsonic acid (MMA) and dimethylarsinic acid (DMA), the same reactions catalyzed by human AS3MT but preserved in the microbial reference.",https://pubmed.ncbi.nlm.nih.gov/14704707/,,,,,,,,,,,,,seed_curated
module:rpal_arsm_methylation,R. palustris ArsM methylation module,module,rpal_cga009,rpal_arsm_methylation,pathway_module,,S-adenosylmethionine-dependent arsenic methyltransferase (ArsM) system. Catalyzes sequential methylation of arsenite to MMA and DMA; the microbial paralog of human AS3MT.,https://pubmed.ncbi.nlm.nih.gov/16452170/,,,,,,,,,,,,,seed_curated
gene:rpal_arsm,ArsM S-adenosylmethionine-dependent arsenic methyltransferase (R. palustris),gene,rpal_cga009,rpal_arsm_methylation,enzyme_cluster,RPA0198 (arsM),SAM-dependent methyltransferase; catalyzes arsenite methylation to MMA and DMA. Structurally and functionally analogous to human AS3MT.,https://pubmed.ncbi.nlm.nih.gov/16452170/,,,,,,,,,,,,,seed_curated
strain:fprau_a2165,Faecalibacterium prausnitzii A2-165,strain,fprau_a2165,,organism,NCBI Taxonomy 411483,"Abundant obligate-anaerobe butyrate producer in the healthy human colon. Encodes arsenate reductase (ArsC) and arsenite efflux transporter (ArsB/Acr3) for arsenic tolerance; contributes to reductive arsenic transformations in the gut lumen, distinct from ArsM-mediated methylation.",https://pubmed.ncbi.nlm.nih.gov/12508881/,,,,,,,,,,,,,seed_curated
module:fprau_gut_arsenic,F. prausnitzii gut arsenic-tolerance module,module,fprau_a2165,fprau_gut_arsenic,pathway_module,,"Arsenate reductase (ArsC) and arsenite efflux transporter (ArsB/Acr3) system. Reduces arsenate to arsenite and pumps arsenite out; representative of gut anaerobic arsenic-tolerance operons that shape luminal arsenic speciation. [CAVEAT] CAVEAT - not F. prausnitzii A2-165-specific and provides no enzymatic assay, so arsenate-to-arsenite edges remain genome-inferred.",https://pubmed.ncbi.nlm.nih.gov/25452698/,,,,,,,,,,,,,seed_curated
gene:fprau_arsc,ArsC arsenate reductase (F. prausnitzii),gene,fprau_a2165,fprau_gut_arsenic,enzyme_cluster,arsC homolog,"Cytoplasmic arsenate reductase; reduces As(V) to As(III). [CAVEAT] CAVEAT - not F. prausnitzii A2-165-specific and provides no enzymatic assay, so arsenate-to-arsenite edges remain genome-inferred.",https://pubmed.ncbi.nlm.nih.gov/25452698/,,,,,,,,,,,,,seed_curated
gene:fprau_arsb,ArsB/Acr3 arsenite efflux transporter (F. prausnitzii),gene,fprau_a2165,fprau_gut_arsenic,enzyme_cluster,arsB/acr3 homolog,"Arsenite efflux transporter; extrudes intracellular arsenite; primary tolerance mechanism. [CAVEAT] CAVEAT - not F. prausnitzii A2-165-specific and provides no enzymatic assay, so arsenate-to-arsenite edges remain genome-inferred.",https://pubmed.ncbi.nlm.nih.gov/25452698/,,,,,,,,,,,,,seed_curated
compound:mma,Monomethylarsonic acid,compound,shared,,methylated_arsenic,MMA,Monomethylated arsenic species; intermediate product of arsenite methylation; elevated urinary %MMA is the biomarker of AS3MT slow-methylator carriers.,https://pubmed.ncbi.nlm.nih.gov/16452170/,,,,,,,,,,,,,seed_curated
compound:dma,Dimethylarsinic acid,compound,shared,,methylated_arsenic,DMA,Dimethylated arsenic species; downstream methylation product of arsenite via MMA; principal urinary excretion form in fast-methylator individuals.,https://pubmed.ncbi.nlm.nih.gov/16452170/,,,,,,,,,,,,,seed_curated
extracellular:arsenite,Extracellular arsenite As(III),location,shared,,extracellular_compartment,arsenite_extracellular,Extracellular pool of arsenite (As(III)) generated by Acr3-family efflux from cytoplasm to the periplasm/environment; detoxification endpoint for cytoplasmic arsenite in Geobacter and other bacteria.,https://pmc.ncbi.nlm.nih.gov/articles/PMC5288829/,,,,,,,,,,,,,seed_curated
compound:methylated_arsenicals,Methylated arsenicals (MMA/DMA/TMA),compound,shared,,detoxification_product,MMA/DMA/TMA,"Mono-, di-, and trimethylated arsenic species produced by SAM-dependent ArsM methylation of arsenite; volatile TMA can be eliminated as arsine gas in bacterial systems and represents a detoxification route distinct from Acr3-mediated efflux.",https://pubmed.ncbi.nlm.nih.gov/16452170/,,,,,,,,,,,,,seed_curated
gene:gme_Gmet_1538,Gmet_1538 bssB,gene,gmet_gs15,gmet_aromatics,individual_locus,Gmet_1538,"(GenBank) (R)-benzylsuccinate synthase, beta subunit",https://rest.kegg.jp/get/gme:Gmet_1538,gme:Gmet_1538,K29040,4.1.99.11,gme00623;gme01100;gme01220,,ABB31772,Q39VF2,,,,,,kegg_individual_locus
gene:gme_Gmet_1539,Gmet_1539 bssA,gene,gmet_gs15,gmet_aromatics,individual_locus,Gmet_1539,"(GenBank) (R)-benzylsuccinate synthase, alpha subunit",https://rest.kegg.jp/get/gme:Gmet_1539,gme:Gmet_1539,K07540,4.1.99.11,gme00623;gme01100;gme01120;gme01220,,ABB31773,Q39VF1,,,,,,kegg_individual_locus
gene:gme_Gmet_1540,Gmet_1540 bssC,gene,gmet_gs15,gmet_aromatics,individual_locus,Gmet_1540,"(GenBank) (R)-benzylsuccinate synthase, gamma subunit",https://rest.kegg.jp/get/gme:Gmet_1540,gme:Gmet_1540,K29041,4.1.99.11,gme00623;gme01100;gme01220,,ABB31774,Q39VF0,,,,,,kegg_individual_locus
gene:gme_Gmet_1528,Gmet_1528 bbsA,gene,gmet_gs15,gmet_aromatics,individual_locus,Gmet_1528,(GenBank) benzoylsuccinyl-CoA thiolase subunit,https://rest.kegg.jp/get/gme:Gmet_1528,gme:Gmet_1528,K07549,2.3.1.310,gme00623;gme01100;gme01120;gme01220,,ABB31762,Q39VG2,,,,,,kegg_individual_locus
gene:gme_Gmet_1529,Gmet_1529 bbsB,gene,gmet_gs15,gmet_aromatics,individual_locus,Gmet_1529,(GenBank) benzoylsuccinyl-CoA thiolase subunit,https://rest.kegg.jp/get/gme:Gmet_1529,gme:Gmet_1529,K07550,2.3.1.310,gme00623;gme01100;gme01120;gme01220,,ABB31763,Q39VG1,,,,,,kegg_individual_locus
gene:gme_Gmet_1530,Gmet_1530 bbsC,gene,gmet_gs15,gmet_aromatics,individual_locus,Gmet_1530,(GenBank) 2-[hydroxy(phenyl)methyl]-succinyl-CoA dehydrogenase subunit,https://rest.kegg.jp/get/gme:Gmet_1530,gme:Gmet_1530,,,,,ABB31764,Q39VG0,,,,,,kegg_individual_locus
gene:gme_Gmet_1531,Gmet_1531 bbsD,gene,gmet_gs15,gmet_aromatics,individual_locus,Gmet_1531,(GenBank) 2-[hydroxy(phenyl)methyl]-succinyl-CoA dehydrogenase subunit,https://rest.kegg.jp/get/gme:Gmet_1531,gme:Gmet_1531,K07548,1.1.1.429,gme00623;gme01100;gme01120;gme01220,,ABB31765,Q39VF9,,,,,,kegg_individual_locus
gene:gme_Gmet_1521,Gmet_1521 bbsE,gene,gmet_gs15,gmet_aromatics,individual_locus,Gmet_1521,(GenBank) succinyl:(R)-benzylsuccinate coenzyme A transferase subunit,https://rest.kegg.jp/get/gme:Gmet_1521,gme:Gmet_1521,K07543,2.8.3.15,gme00623;gme01100;gme01120;gme01220,,ABB31755,Q39VG9,,,,,,kegg_individual_locus
gene:gme_Gmet_1522,Gmet_1522 bbsF,gene,gmet_gs15,gmet_aromatics,individual_locus,Gmet_1522,(GenBank) succinyl:(R)-benzylsuccinate coenzyme A transferase subunit,https://rest.kegg.jp/get/gme:Gmet_1522,gme:Gmet_1522,K07544,2.8.3.15,gme00623;gme01100;gme01120;gme01220,,ABB31756,Q39VG8,,,,,,kegg_individual_locus
gene:gme_Gmet_1523,Gmet_1523 bbsG,gene,gmet_gs15,gmet_aromatics,individual_locus,Gmet_1523,(GenBank) (R)-benzylsuccinyl-CoA dehydrogenase,https://rest.kegg.jp/get/gme:Gmet_1523,gme:Gmet_1523,K07545,1.3.8.3,gme00623;gme01100;gme01120;gme01220,,ABB31757,Q39VG7,,,,,,kegg_individual_locus
gene:gme_Gmet_1524,Gmet_1524 bbsH,gene,gmet_gs15,gmet_aromatics,individual_locus,Gmet_1524,(GenBank) (E)-2-benzylidenesuccinyl-CoA hydratase,https://rest.kegg.jp/get/gme:Gmet_1524,gme:Gmet_1524,K07546,4.2.1.180,gme00623;gme01100;gme01120;gme01220,,ABB31758,Q39VG6,,,,,,kegg_individual_locus
gene:gme_Gmet_2100,Gmet_2100 Gmet_2100,gene,gmet_gs15,gmet_aromatics,individual_locus,Gmet_2100,"(GenBank) phenylphosphate synthase, alpha subunit",https://rest.kegg.jp/get/gme:Gmet_2100,gme:Gmet_2100,K25936,2.7.1.238,gme00627;gme01120,,ABB32329,Q39TU5,,,,,,kegg_individual_locus
gene:gme_Gmet_2101,Gmet_2101 Gmet_2101,gene,gmet_gs15,gmet_aromatics,individual_locus,Gmet_2101,"(GenBank) phenylphosphate synthase, beta subunit",https://rest.kegg.jp/get/gme:Gmet_2101,gme:Gmet_2101,K25937,2.7.1.238,gme00627;gme01120,,ABB32330,Q39TU4,,,,,,kegg_individual_locus
gene:gme_Gmet_2102,Gmet_2102 Gmet_2102,gene,gmet_gs15,gmet_aromatics,individual_locus,Gmet_2102,"(GenBank) phenylphosphate carboxylase, beta subunit",https://rest.kegg.jp/get/gme:Gmet_2102,gme:Gmet_2102,,,,,ABB32331,Q39TU3,,,,,,kegg_individual_locus
gene:gme_Gmet_2125,Gmet_2125 pcmI,gene,gmet_gs15,gmet_aromatics,individual_locus,Gmet_2125,"(GenBank) p-cresol methylhydroxylase, alpha-prime subunit",https://rest.kegg.jp/get/gme:Gmet_2125,gme:Gmet_2125,K05797,1.17.9.1,gme00623;gme01100;gme01120,,ABB32354,Q39TS0,,,,,,kegg_individual_locus
gene:gme_Gmet_2126,Gmet_2126 pcmJ,gene,gmet_gs15,gmet_aromatics,individual_locus,Gmet_2126,"(GenBank) p-cresol methylhydroxylase, alpha subunit",https://rest.kegg.jp/get/gme:Gmet_2126,gme:Gmet_2126,,,,,ABB32355,Q39TR9,,,,,,kegg_individual_locus
gene:gme_Gmet_2131,Gmet_2131 pcmO,gene,gmet_gs15,gmet_aromatics,individual_locus,Gmet_2131,"(GenBank) p-hydroxybenzaldehyde dehydrogenase, putative",https://rest.kegg.jp/get/gme:Gmet_2131,gme:Gmet_2131,K21802,1.2.1.67,gme00627;gme01100;gme01120,,ABB32360,Q39TR4,,,,,,kegg_individual_locus
gene:gme_Gmet_2235,Gmet_2235 Gmet_2235,gene,gmet_gs15,gmet_aromatics,individual_locus,Gmet_2235,(GenBank) zinc-dependent alcohol dehydrogenase,https://rest.kegg.jp/get/gme:Gmet_2235,gme:Gmet_2235,K00004,1.1.1.303;1.1.1.4,gme00650;gme01110,,ABB32462,Q39TG2,,,,,,kegg_individual_locus
gene:gme_Gmet_2134,Gmet_2134 pcmR,gene,gmet_gs15,gmet_aromatics,individual_locus,Gmet_2134,(GenBank) 4-hydroxybenzoyl-CoA reductase flavoprotein subunit,https://rest.kegg.jp/get/gme:Gmet_2134,gme:Gmet_2134,K03519,1.2.5.3,,,ABB32363,Q39TR1,,,,,,kegg_individual_locus
gene:gme_Gmet_2135,Gmet_2135 pcmS,gene,gmet_gs15,gmet_aromatics,individual_locus,Gmet_2135,"(GenBank) 4-hydroxybenzoyl-CoA reductase iron-sulfur cluster-binding subunit, putative",https://rest.kegg.jp/get/gme:Gmet_2135,gme:Gmet_2135,,,,,ABB32364,Q39TR0,,,,,,kegg_individual_locus
gene:gme_Gmet_2136,Gmet_2136 pcmT,gene,gmet_gs15,gmet_aromatics,individual_locus,Gmet_2136,(GenBank) 4-hydroxybenzoyl-CoA reductase subunit,https://rest.kegg.jp/get/gme:Gmet_2136,gme:Gmet_2136,,,,,ABB32365,Q39TQ9,,,,,,kegg_individual_locus
gene:gme_Gmet_2143,Gmet_2143 bamY,gene,gmet_gs15,gmet_aromatics,individual_locus,Gmet_2143,(GenBank) benzoate--coenzyme A ligase,https://rest.kegg.jp/get/gme:Gmet_2143,gme:Gmet_2143,,,,,ABB32372,Q39TQ2,,,,,,kegg_individual_locus
gene:gme_Gmet_2087,Gmet_2087 bamB-1,gene,gmet_gs15,gmet_aromatics,individual_locus,Gmet_2087,"(GenBank) benzoyl-CoA reductase, putative",https://rest.kegg.jp/get/gme:Gmet_2087,gme:Gmet_2087,K19515,1.3.-.-,gme00362;gme01100;gme01120;gme01220,gme_M00541,ABB32316,Q39TV8,,,,,,kegg_individual_locus
gene:gme_Gmet_2086,Gmet_2086 bamC-1,gene,gmet_gs15,gmet_aromatics,individual_locus,Gmet_2086,"(GenBank) iron-sulfur cluster-binding oxidoreductase, putative benzoyl-CoA reductase electron transfer protein",https://rest.kegg.jp/get/gme:Gmet_2086,gme:Gmet_2086,K19516,1.3.-.-,gme00362;gme01100;gme01120;gme01220,gme_M00541,ABB32315,Q39TV9,,,,,,kegg_individual_locus
gene:gme_Gmet_2150,Gmet_2150 bamR,gene,gmet_gs15,gmet_aromatics,individual_locus,Gmet_2150,"(GenBank) cyclohexa-1,5-dienecarbonyl-CoA hydratase",https://rest.kegg.jp/get/gme:Gmet_2150,gme:Gmet_2150,K07537,4.2.1.100,gme00362;gme01100;gme01120;gme01220,gme_M00541,ABB32379,Q39TP5,,,,,,kegg_individual_locus
gene:gme_Gmet_2151,Gmet_2151 bamQ,gene,gmet_gs15,gmet_aromatics,individual_locus,Gmet_2151,(GenBank) 6-hydroxycyclohex-1-ene-1-carbonyl-CoA dehydrogenase,https://rest.kegg.jp/get/gme:Gmet_2151,gme:Gmet_2151,K07538,1.1.1.368,gme00362;gme01100;gme01120;gme01220,gme_M00541,ABB32380,Q39TP4,,,,,,kegg_individual_locus
gene:gme_Gmet_3305,Gmet_3305 Gmet_3305,gene,gmet_gs15,gmet_aromatics,individual_locus,Gmet_3305,(GenBank) enoyl-CoA hydratase/isomerase,https://rest.kegg.jp/get/gme:Gmet_3305,gme:Gmet_3305,K07539,3.7.1.21,gme00362;gme01100;gme01120;gme01220,gme_M00541,ABB33518,Q39QF6,,,,,,kegg_individual_locus
gene:gsu_GSU2950,GSU2950 GSU2950,gene,gsu_pca,gsu_arsenic,individual_locus,GSU2950,"(GenBank) ABC transporter, membrane protein",https://rest.kegg.jp/get/gsu:GSU2950,gsu:GSU2950,K02050,,,,AAR36342,Q748Q1,,,,,,kegg_individual_locus
gene:gsu_GSU2951,GSU2951 GSU2951,gene,gsu_pca,gsu_arsenic,individual_locus,GSU2951,"(GenBank) ABC transporter, ATP-binding protein",https://rest.kegg.jp/get/gsu:GSU2951,gsu:GSU2951,K02049,,,,AAR36343,Q748Q0,,,,,,kegg_individual_locus
gene:gsu_GSU2952,GSU2952 GSU2952,gene,gsu_pca,gsu_arsenic,individual_locus,GSU2952,"(GenBank) helix-turn-helix transcriptional regulator, ArsR family",https://rest.kegg.jp/get/gsu:GSU2952,gsu:GSU2952,K03892,,,,AAR36344,Q748P9,,,,,,kegg_individual_locus
gene:gsu_GSU2953,GSU2953 arsC,gene,gsu_pca,gsu_arsenic,individual_locus,GSU2953,(GenBank) arsenate reductase and protein tyrosine phosphatase,https://rest.kegg.jp/get/gsu:GSU2953,gsu:GSU2953,K03741,1.20.4.4,,,AAR36345,Q748P8,,,,,,kegg_individual_locus
gene:gsu_GSU2954,GSU2954 arsB,gene,gsu_pca,gsu_arsenic,individual_locus,GSU2954,(GenBank) arsenite efflux pump,https://rest.kegg.jp/get/gsu:GSU2954,gsu:GSU2954,K03325,,,,AAR36346,Q748P7,,,,,,kegg_individual_locus
gene:gsu_GSU2955,GSU2955 GSU2955,gene,gsu_pca,gsu_arsenic,individual_locus,GSU2955,(GenBank) membrane protein DUF318,https://rest.kegg.jp/get/gsu:GSU2955,gsu:GSU2955,K07089,,,,AAR36347,Q748P6,,,,,,kegg_individual_locus
gene:gsu_GSU2956,GSU2956 GSU2956,gene,gsu_pca,gsu_arsenic,individual_locus,GSU2956,(GenBank) redox-active disulfide protein 2,https://rest.kegg.jp/get/gsu:GSU2956,gsu:GSU2956,,,,,AAR36348,Q748P5,,,,,,kegg_individual_locus
gene:gsu_GSU2957,GSU2957 trx-2,gene,gsu_pca,gsu_arsenic,individual_locus,GSU2957,(GenBank) thioredoxin family protein,https://rest.kegg.jp/get/gsu:GSU2957,gsu:GSU2957,K03671,,,,AAR36349,Q748P4,,,,,,kegg_individual_locus
gene:gsu_GSU2958,GSU2958 dsbD,gene,gsu_pca,gsu_arsenic,individual_locus,GSU2958,(GenBank) thiol:disulfide interchange protein,https://rest.kegg.jp/get/gsu:GSU2958,gsu:GSU2958,K06196,,,,AAR36350,Q748P3,,,,,,kegg_individual_locus
gene:gsu_GSU2959,GSU2959 GSU2959,gene,gsu_pca,gsu_arsenic,individual_locus,GSU2959,"(GenBank) membrane protein, putative",https://rest.kegg.jp/get/gsu:GSU2959,gsu:GSU2959,,,,,AAR36351,Q748P2,,,,,,kegg_individual_locus
gene:gme_Gmet_0521,Gmet_0521 arsC,gene,gmet_gs15,gmet_arsenic,individual_locus,Gmet_0521,(GenBank) arsenate reductase and protein tyrosine phosphatase,https://rest.kegg.jp/get/gme:Gmet_0521,gme:Gmet_0521,K03741,1.20.4.4,,,ABB30764,Q39YB0,,,,,,kegg_individual_locus
gene:gme_Gmet_0520,Gmet_0520 arsB,gene,gmet_gs15,gmet_arsenic,individual_locus,Gmet_0520,(GenBank) arsenite efflux pump,https://rest.kegg.jp/get/gme:Gmet_0520,gme:Gmet_0520,K03325,,,,ABB30763,Q39YB1,,,,,,kegg_individual_locus
gene:gme_Gmet_2791,Gmet_2791 Gmet_2791,gene,gmet_gs15,gmet_arsenic,individual_locus,Gmet_2791,"(GenBank) SAM-dependent methyltransferase, putative",https://rest.kegg.jp/get/gme:Gmet_2791,gme:Gmet_2791,K07755,2.1.1.137,,,ABB33009,Q39RW5,,,,,,kegg_individual_locus
pathway:kegg_gme00623,KEGG gme00623 Toluene degradation,pathway,gmet_gs15,gmet_aromatics,kegg_pathway,gme00623,Toluene degradation,https://www.kegg.jp/pathway/gme00623,,,,gme00623,,,,,,,,,kegg_pathway_node
pathway:kegg_gme01100,KEGG gme01100 Metabolic pathways,pathway,gmet_gs15,gmet_aromatics,kegg_pathway,gme01100,Metabolic pathways,https://www.kegg.jp/pathway/gme01100,,,,gme01100,,,,,,,,,kegg_pathway_node
pathway:kegg_gme01220,KEGG gme01220 Degradation of aromatic compounds,pathway,gmet_gs15,gmet_aromatics,kegg_pathway,gme01220,Degradation of aromatic compounds,https://www.kegg.jp/pathway/gme01220,,,,gme01220,,,,,,,,,kegg_pathway_node
pathway:kegg_gme01120,KEGG gme01120 Microbial metabolism in diverse environments,pathway,gmet_gs15,gmet_aromatics,kegg_pathway,gme01120,Microbial metabolism in diverse environments,https://www.kegg.jp/pathway/gme01120,,,,gme01120,,,,,,,,,kegg_pathway_node
pathway:kegg_gme00627,KEGG gme00627 Aminobenzoate degradation,pathway,gmet_gs15,gmet_aromatics,kegg_pathway,gme00627,Aminobenzoate degradation,https://www.kegg.jp/pathway/gme00627,,,,gme00627,,,,,,,,,kegg_pathway_node
pathway:kegg_gme00650,KEGG gme00650 Butanoate metabolism,pathway,gmet_gs15,gmet_aromatics,kegg_pathway,gme00650,Butanoate metabolism,https://www.kegg.jp/pathway/gme00650,,,,gme00650,,,,,,,,,kegg_pathway_node
pathway:kegg_gme01110,KEGG gme01110 Biosynthesis of secondary metabolites,pathway,gmet_gs15,gmet_aromatics,kegg_pathway,gme01110,Biosynthesis of secondary metabolites,https://www.kegg.jp/pathway/gme01110,,,,gme01110,,,,,,,,,kegg_pathway_node
pathway:kegg_gme00362,KEGG gme00362 Benzoate degradation,pathway,gmet_gs15,gmet_aromatics,kegg_pathway,gme00362,Benzoate degradation,https://www.kegg.jp/pathway/gme00362,,,,gme00362,,,,,,,,,kegg_pathway_node
pathway:kegg_gme_M00541,"KEGG gme_M00541 Benzoyl-CoA degradation, benzoyl-CoA => 3-hydroxypimeloyl-CoA",pathway,gmet_gs15,gmet_aromatics,kegg_module,gme_M00541,"Benzoyl-CoA degradation, benzoyl-CoA => 3-hydroxypimeloyl-CoA",https://www.kegg.jp/module/gme_M00541,,,,,gme_M00541,,,,,,,,kegg_module_node
