edge_id,source_id,target_id,predicate,enzyme_or_system,strain_id,module_id,evidence_tier,evidence_type,effect,source_url,notes
edge:gmet_has_aromatics_module,strain:gmet_gs15,module:gmet_aromatics,has_module,,gmet_gs15,gmet_aromatics,1,genome_and_transcriptomics,capability,https://pmc.ncbi.nlm.nih.gov/articles/PMC1924859/,300 kb aromatics island plus separate toluene region
edge:gsu_has_ars_module,strain:gsu_pca,module:gsu_arsenic,has_module,,gsu_pca,gsu_arsenic,1,mutant_and_transcriptomics,detoxification,https://pmc.ncbi.nlm.nih.gov/articles/PMC5288829/,10-gene ars operon experimentally tested
edge:gmet_has_ars_module,strain:gmet_gs15,module:gmet_arsenic,has_module,,gmet_gs15,gmet_arsenic,2,comparative_genomics,predicted_detoxification,https://pmc.ncbi.nlm.nih.gov/articles/PMC5288829/,arsC/acr3 and arsM present in comparative survey
edge:gsu_has_metal_redox_module,strain:gsu_pca,module:gsu_metal_redox,has_module,,gsu_pca,gsu_metal_redox,1,kinetic_assay,redox_transformation,https://www.frontiersin.org/journals/microbiology/articles/10.3389/fmicb.2022.909109/full,Multiheme cytochrome-mediated extracellular electron transfer
edge:glov_has_organochlorine_module,strain:glov_sz,module:glov_organochlorine,has_module,,glov_sz,glov_organochlorine,1,phenotype,chlororespiration,https://pmc.ncbi.nlm.nih.gov/articles/PMC1448980/,PCE and TCE reduced to cis-DCE
edge:iae_has_organochlorine_module,strain:geo_iae,module:geo_iae_organochlorine,has_module,,geo_iae,geo_iae_organochlorine,2,enrichment_population_dynamics,dihaloelimination,https://www.osti.gov/servlets/purl/1860551,Population attributed to Geobacter strain IAE; exact enzyme unresolved
edge:toluene_to_benzylsuccinate,compound:toluene,compound:benzoyl_coa,transformed_to,gene:gmet_bsscab;gene:gmet_bbsabcd;gene:gmet_bbs_efgh,gmet_gs15,gmet_aromatics,2,genome_prediction,pathway_entry,https://pmc.ncbi.nlm.nih.gov/articles/PMC1924859/,Toluene region encodes bssCAB and bbs clusters; represented as net flow to benzoyl-CoA
edge:phenol_to_4hba,compound:phenol,compound:4_hydroxybenzoate,transformed_to,gene:gmet_phenylphosphate_synthase;gene:gmet_phenylphosphate_carboxylase,gmet_gs15,gmet_aromatics,2,genome_prediction,pathway_entry,https://pmc.ncbi.nlm.nih.gov/articles/PMC1924859/,Phenylphosphate route predicted by homology
edge:p_cresol_to_4hbenzaldehyde,compound:p_cresol,compound:4_hydroxybenzaldehyde,transformed_to,gene:gmet_p_cresol_methylhydroxylase,gmet_gs15,gmet_aromatics,2,genome_prediction,pathway_entry,https://pmc.ncbi.nlm.nih.gov/articles/PMC1924859/,p-cresol methylhydroxylase homologs
edge:4hbenzaldehyde_to_4hba,compound:4_hydroxybenzaldehyde,compound:4_hydroxybenzoate,transformed_to,gene:gmet_2131_dehydrogenase,gmet_gs15,gmet_aromatics,2,genome_prediction,pathway_entry,https://pmc.ncbi.nlm.nih.gov/articles/PMC1924859/,Gmet_2131 predicted aldehyde dehydrogenase
edge:benzyl_alcohol_to_benzaldehyde,compound:benzyl_alcohol,compound:benzaldehyde,transformed_to,gene:gmet_2235_dehydrogenase,gmet_gs15,gmet_aromatics,2,genome_prediction,pathway_entry,https://pmc.ncbi.nlm.nih.gov/articles/PMC1924859/,Benzyl alcohol dehydrogenase predicted
edge:benzaldehyde_to_benzoate,compound:benzaldehyde,compound:benzoate,transformed_to,gene:gmet_2131_dehydrogenase,gmet_gs15,gmet_aromatics,2,genome_prediction,pathway_entry,https://pmc.ncbi.nlm.nih.gov/articles/PMC1924859/,Benzaldehyde dehydrogenase predicted
edge:4hba_to_benzoylcoa,compound:4_hydroxybenzoate,compound:benzoyl_coa,transformed_to,gene:gmet_4hbcoa_reductase,gmet_gs15,gmet_aromatics,2,genome_prediction,pathway_convergence,https://pmc.ncbi.nlm.nih.gov/articles/PMC1924859/,4-hydroxybenzoyl-CoA reductase-like operon
edge:benzoate_to_benzoylcoa,compound:benzoate,compound:benzoyl_coa,transformed_to,gene:gmet_bam_y,gmet_gs15,gmet_aromatics,1,transcriptomics,pathway_convergence,https://pmc.ncbi.nlm.nih.gov/articles/PMC1924859/,Benzoate-CoA ligase induced during benzoate oxidation
edge:benzoylcoa_dearomatization,compound:benzoyl_coa,compound:3_hydroxypimelyl_coa,transformed_to,gene:gmet_bamb;gene:gmet_bamc;gene:gmet_bamr;gene:gmet_bamq;gene:gmet_oah2,gmet_gs15,gmet_aromatics,1,transcriptomics,dearomatization_and_ring_reduction,https://pmc.ncbi.nlm.nih.gov/articles/PMC1924859/,BamB/BamC/BamR/BamQ/Oah2 induced during benzoate oxidation
edge:3hppcoa_to_acetylcoa,compound:3_hydroxypimelyl_coa,compound:acetyl_coa,transformed_to,gmet_fatty_acid_oxidation_cluster,gmet_gs15,gmet_aromatics,1,transcriptomics,mineralization_route,https://pmc.ncbi.nlm.nih.gov/articles/PMC1924859/,Gmet_2057-Gmet_2075 fatty-acid oxidation genes induced during benzoate oxidation
edge:gsu_arsenate_to_arsenite,compound:arsenate,compound:arsenite,reduced_to,gene:gsu_arsc,gsu_pca,gsu_arsenic,1,mutant_and_transcriptomics,detoxification_activation_for_efflux,https://pmc.ncbi.nlm.nih.gov/articles/PMC5288829/,Delta arsC impaired As(V) growth; arsC mRNA induced
edge:gsu_arsenite_efflux,compound:arsenite,extracellular:arsenite,exported_by,gene:gsu_acr3,gsu_pca,gsu_arsenic,1,mutant_and_transcriptomics,detoxification,https://pmc.ncbi.nlm.nih.gov/articles/PMC5288829/,Delta acr3 impaired growth with As(III) and As(V)
edge:gsu_ars_operon_regulation,gene:gsu_arsr1,gene:gsu_ars_operon,regulates,gene:gsu_arsr1,gsu_pca,gsu_arsenic,1,regulatory_mutant,transcriptional_control,https://pmc.ncbi.nlm.nih.gov/articles/PMC5288829/,ArsR1 regulates ars operon
edge:gmet_arsenate_to_arsenite,compound:arsenate,compound:arsenite,reduced_to,gene:gmet_arsc,gmet_gs15,gmet_arsenic,2,comparative_genomics,predicted_detoxification,https://pmc.ncbi.nlm.nih.gov/articles/PMC5288829/,Gmet_0521 annotated as ArsC in comparative survey
edge:gmet_arsenite_efflux,compound:arsenite,extracellular:arsenite,exported_by,gene:gmet_acr3,gmet_gs15,gmet_arsenic,2,comparative_genomics,predicted_detoxification,https://pmc.ncbi.nlm.nih.gov/articles/PMC5288829/,Gmet_0520 annotated as Acr3 in comparative survey
edge:gmet_arsenite_methylation,compound:arsenite,compound:methylated_arsenicals,methylated_by,gene:gmet_arsm,gmet_gs15,gmet_arsenic,3,homology_prediction,predicted_transformation,https://pmc.ncbi.nlm.nih.gov/articles/PMC5288829/,ArsM homolog present; substrate/product specificity should be experimentally verified
edge:gsu_chromate_reduction,compound:chromate,compound:chromium_iii,reduced_to,system:gsu_eet_cytochromes,gsu_pca,gsu_metal_redox,1,kinetic_assay,detoxification_or_immobilization,https://www.frontiersin.org/journals/microbiology/articles/10.3389/fmicb.2022.909109/full,CrO4(2-) reduced to Cr(III); product mostly in supernatant in assay
edge:gsu_vanadium_reduction,compound:vanadium_v,compound:vanadium_iv,reduced_to,system:gsu_eet_cytochromes,gsu_pca,gsu_metal_redox,1,kinetic_assay,redox_transformation,https://www.frontiersin.org/journals/microbiology/articles/10.3389/fmicb.2022.909109/full,VO2(edta)3- reduced to V(IV)
edge:gsu_permanganate_reduction,compound:manganese_vii,compound:manganese_iv,reduced_to,system:gsu_eet_cytochromes,gsu_pca,gsu_metal_redox,1,kinetic_assay,redox_transformation,https://www.frontiersin.org/journals/microbiology/articles/10.3389/fmicb.2022.909109/full,MnO4- reduced to Mn(IV)
edge:gsu_uranium_reduction,compound:uranium_vi,compound:uranium_iv,reduced_to,system:gsu_eet_cytochromes,gsu_pca,gsu_metal_redox,1,biofilm_assay,immobilization,https://pmc.ncbi.nlm.nih.gov/articles/PMC4249037/,G. sulfurreducens biofilms reductively precipitated U(VI) to mononuclear U(IV)
edge:glov_pce_to_cisdce,compound:pce,compound:cis_dce,reduced_to,system:glov_unknown_rdase,glov_sz,glov_organochlorine,1,phenotype,chlororespiration,https://pmc.ncbi.nlm.nih.gov/articles/PMC1448980/,PCE reduced to cis-DCE with acetate/H2 donors
edge:glov_tce_to_cisdce,compound:tce,compound:cis_dce,reduced_to,system:glov_unknown_rdase,glov_sz,glov_organochlorine,1,phenotype,chlororespiration,https://pmc.ncbi.nlm.nih.gov/articles/PMC1448980/,TCE reduced to cis-DCE
edge:glov_uranium_reduction,compound:uranium_vi,compound:uranium_iv,reduced_to,strain:glov_sz,glov_sz,glov_organochlorine,1,phenotype,immobilization,https://pmc.ncbi.nlm.nih.gov/articles/PMC1448980/,SZ reduces U(VI) to U(IV) while also supporting chlororespiration
edge:iae_12dca_to_ethene,compound:1_2_dca,compound:ethene,dihaloeliminated_to,system:geo_iae_unknown_rdase,geo_iae,geo_iae_organochlorine,2,enrichment_population_dynamics,detoxification,https://www.osti.gov/servlets/purl/1860551,"1,2-DCA converted to ethene with Geobacter strain IAE growth"
edge:iae_112tca_to_vc,compound:1_1_2_tca,compound:vinyl_chloride,dihaloeliminated_to,system:geo_iae_unknown_rdase,geo_iae,geo_iae_organochlorine,2,enrichment_population_dynamics,partial_detoxification_with_toxic_intermediate,https://www.osti.gov/servlets/purl/1860551,"1,1,2-TCA converted to vinyl chloride by IAE-associated activity"
edge:iae_dhc_vc_to_ethene,compound:vinyl_chloride,compound:ethene,hydrogenolyzed_to,partner:dehalococcoides_mccartyi,geo_iae,geo_iae_organochlorine,2,community_dynamics,complete_detoxification_by_partner,https://www.osti.gov/servlets/purl/1860551,VC-to-ethene step attributed to Dhc rather than Geobacter IAE
edge:dhc_195_has_organohalide_module,strain:dhc_195,module:dhc_organohalide,has_module,,dhc_195,dhc_organohalide,1,genome_and_phenotype,capability,https://pmc.ncbi.nlm.nih.gov/articles/PMC1183504/,Complete-dechlorination phenotype documented in strain 195.
edge:dhc_pce_to_tce,compound:pce,compound:tce,reduced_to,gene:dhc_pcea,dhc_195,dhc_organohalide,1,biochemistry,chlororespiration,https://pmc.ncbi.nlm.nih.gov/articles/PMC1183504/,PceA catalyzes PCE-to-TCE reductive dechlorination.
edge:dhc_tce_to_cisdce,compound:tce,compound:cis_dce,reduced_to,gene:dhc_tcea,dhc_195,dhc_organohalide,1,biochemistry,chlororespiration,https://pmc.ncbi.nlm.nih.gov/articles/PMC1183504/,TceA catalyzes TCE-to-cis-DCE reductive dechlorination.
edge:dhc_cisdce_to_vc,compound:cis_dce,compound:vinyl_chloride,reduced_to,gene:dhc_vcra,dhc_195,dhc_organohalide,1,biochemistry,chlororespiration,https://pmc.ncbi.nlm.nih.gov/articles/PMC1183504/,VcrA-type reductive dehalogenase catalyzes cis-DCE to VC step.
edge:dhc_vc_to_ethene,compound:vinyl_chloride,compound:ethene,reduced_to,gene:dhc_vcra,dhc_195,dhc_organohalide,1,biochemistry,detoxification,https://pmc.ncbi.nlm.nih.gov/articles/PMC1183504/,"VcrA completes the pathway from VC to non-toxic ethene, the terminal step Geobacter cannot complete."
edge:ppu_kt2440_has_amine_module,strain:ppu_kt2440,module:ppu_aerobic_aromatic_amine,has_module,,ppu_kt2440,ppu_aerobic_aromatic_amine,2,genome_and_biochemistry,capability,https://pubmed.ncbi.nlm.nih.gov/22367088/,Genome-encoded aerobic aromatic-amine oxidation module.
edge:ppu_kt2440_has_pah_module,strain:ppu_kt2440,module:ppu_pah_ring_hydroxylation,has_module,,ppu_kt2440,ppu_pah_ring_hydroxylation,2,genome_and_biochemistry,capability,https://pubmed.ncbi.nlm.nih.gov/16751444/,Genome-encoded ring-hydroxylating dioxygenase module.
edge:ppu_bap_ring_hydroxylation,compound:bap,compound:bap_dihydrodiol,transformed_to,gene:ppu_ndo;gene:ppu_todc,ppu_kt2440,ppu_pah_ring_hydroxylation,2,biochemistry,aerobic_catabolism_entry,https://pubmed.ncbi.nlm.nih.gov/16751444/,Aerobic ring-hydroxylating dioxygenase attack forms cis-dihydrodiol; distinct from mammalian CYP1A1/1B1 arene-oxide route.
edge:ppu_4abp_deamination,compound:four_abp,compound:four_abp_deaminated,transformed_to,gene:ppu_aaox,ppu_kt2440,ppu_aerobic_aromatic_amine,2,biochemistry,aerobic_deamination,https://pubmed.ncbi.nlm.nih.gov/22367088/,Aerobic aromatic-amine oxidase attacks the amine group; product feeds downstream aerobic catabolism.
edge:rho_erythropolis_has_afb1_module,strain:rho_erythropolis,module:rho_erythropolis_afb1_reduction,has_module,,rho_erythropolis,rho_erythropolis_afb1_reduction,2,genome_and_biochemistry,capability,https://pubmed.ncbi.nlm.nih.gov/23023529/,AFB1-reductase capacity documented in R. erythropolis and related actinomycetes.
edge:rho_afb1_reduction,compound:afb1,compound:afb1_reduced,reduced_to,gene:rho_fdr_afb1,rho_erythropolis,rho_erythropolis_afb1_reduction,2,biochemistry,detoxification,https://pmc.ncbi.nlm.nih.gov/articles/PMC3187090/,F420-dependent reduction of AFB1 bisfuran ring; disables mammalian CYP1A2/3A4 bioactivation route.
edge:rho_anm7_has_ndma_module,strain:rho_anm7,module:rho_anm7_ndma_degradation,has_module,,rho_anm7,rho_anm7_ndma_degradation,2,genome_and_phenotype,capability,https://pubmed.ncbi.nlm.nih.gov/16269791/,Growth on NDMA as sole N-source documented for Rhodococcus sp. ANM-7.
edge:rho_ndma_to_methylamine,compound:ndma,compound:methylamine,transformed_to,gene:rho_prmo_ndma,rho_anm7,rho_anm7_ndma_degradation,2,biochemistry,aerobic_catabolism_entry,https://pubmed.ncbi.nlm.nih.gov/16269791/,Aerobic monooxygenase-mediated NDMA oxidation to methylamine and formaldehyde intermediates; distinct from CYP2E1 methylating route.
edge:bthet_vpi5482_has_azo_module,strain:bthet_vpi5482,module:bthet_azo_reduction,has_module,,bthet_vpi5482,bthet_azo_reduction,1,genome_and_biochemistry,capability,https://pmc.ncbi.nlm.nih.gov/articles/PMC5715131/,Azoreductase activity documented in Bacteroides thetaiotaomicron.
edge:bthet_vpi5482_has_gus_module,strain:bthet_vpi5482,module:bthet_beta_glucuronidase,has_module,,bthet_vpi5482,bthet_beta_glucuronidase,1,genome_and_biochemistry,capability,https://pmc.ncbi.nlm.nih.gov/articles/PMC5389526/,Loop-1 beta-glucuronidase encoded and active in B. thetaiotaomicron VPI-5482.
edge:bthet_azo_to_4abp,compound:azo_4abp_dye,compound:four_abp,reduced_to,gene:bthet_azor,bthet_vpi5482,bthet_azo_reduction,2,biochemistry,reductive_cleavage,https://pmc.ncbi.nlm.nih.gov/articles/PMC5715131/,"Gut azoreductase reduces azo-linked aromatic-amine precursors, releasing free 4-ABP into the lumen."
edge:bthet_gus_deconjugates_afb1,compound:afb1_n7_gluc,compound:afb1,hydrolyzed_to,gene:bthet_gus,bthet_vpi5482,bthet_beta_glucuronidase,2,biochemistry,deconjugation,https://pmc.ncbi.nlm.nih.gov/articles/PMC5389526/,"Loop-1 beta-glucuronidase deconjugates host AFB1-N7-guanine glucuronide, releasing the free carcinogen for reabsorption."
edge:vpar_dsm2008_has_nitrate_module,strain:vpar_dsm2008,module:vpar_oral_nitrate_reduction,has_module,,vpar_dsm2008,vpar_oral_nitrate_reduction,1,genome_and_biochemistry,capability,https://pmc.ncbi.nlm.nih.gov/articles/PMC4462107/,Napa-type periplasmic nitrate reduction documented for Veillonella parvula.
edge:vpar_nitrate_to_nitrite,compound:nitrate,compound:nitrite,reduced_to,gene:vpar_nap,vpar_dsm2008,vpar_oral_nitrate_reduction,1,biochemistry,entero_salivary_cycle,https://pmc.ncbi.nlm.nih.gov/articles/PMC4462107/,Oral nitrate reduction to nitrite; nitrite enters acidic stomach where N-nitrosation reactions may occur.
edge:gene:gme_Gmet_1538_member_of_gene:gmet_bsscab,gene:gme_Gmet_1538,gene:gmet_bsscab,member_of,gene:gme_Gmet_1538,gmet_gs15,gmet_aromatics,1,kegg_gene_annotation,structural_annotation,https://rest.kegg.jp/get/gme:Gmet_1538,Individual KEGG locus expanded from seed cluster/operon node
edge:gene:gme_Gmet_1538_participates_in_pathway:kegg_gme00623,gene:gme_Gmet_1538,pathway:kegg_gme00623,participates_in,gene:gme_Gmet_1538,gmet_gs15,gmet_aromatics,2,kegg_pathway_annotation,pathway_membership,https://rest.kegg.jp/get/gme:Gmet_1538,Toluene degradation
edge:gene:gme_Gmet_1538_participates_in_pathway:kegg_gme01100,gene:gme_Gmet_1538,pathway:kegg_gme01100,participates_in,gene:gme_Gmet_1538,gmet_gs15,gmet_aromatics,2,kegg_pathway_annotation,pathway_membership,https://rest.kegg.jp/get/gme:Gmet_1538,Metabolic pathways
edge:gene:gme_Gmet_1538_participates_in_pathway:kegg_gme01220,gene:gme_Gmet_1538,pathway:kegg_gme01220,participates_in,gene:gme_Gmet_1538,gmet_gs15,gmet_aromatics,2,kegg_pathway_annotation,pathway_membership,https://rest.kegg.jp/get/gme:Gmet_1538,Degradation of aromatic compounds
edge:gene:gme_Gmet_1539_member_of_gene:gmet_bsscab,gene:gme_Gmet_1539,gene:gmet_bsscab,member_of,gene:gme_Gmet_1539,gmet_gs15,gmet_aromatics,1,kegg_gene_annotation,structural_annotation,https://rest.kegg.jp/get/gme:Gmet_1539,Individual KEGG locus expanded from seed cluster/operon node
edge:gene:gme_Gmet_1539_participates_in_pathway:kegg_gme00623,gene:gme_Gmet_1539,pathway:kegg_gme00623,participates_in,gene:gme_Gmet_1539,gmet_gs15,gmet_aromatics,2,kegg_pathway_annotation,pathway_membership,https://rest.kegg.jp/get/gme:Gmet_1539,Toluene degradation
edge:gene:gme_Gmet_1539_participates_in_pathway:kegg_gme01100,gene:gme_Gmet_1539,pathway:kegg_gme01100,participates_in,gene:gme_Gmet_1539,gmet_gs15,gmet_aromatics,2,kegg_pathway_annotation,pathway_membership,https://rest.kegg.jp/get/gme:Gmet_1539,Metabolic pathways
edge:gene:gme_Gmet_1539_participates_in_pathway:kegg_gme01120,gene:gme_Gmet_1539,pathway:kegg_gme01120,participates_in,gene:gme_Gmet_1539,gmet_gs15,gmet_aromatics,2,kegg_pathway_annotation,pathway_membership,https://rest.kegg.jp/get/gme:Gmet_1539,Microbial metabolism in diverse environments
edge:gene:gme_Gmet_1539_participates_in_pathway:kegg_gme01220,gene:gme_Gmet_1539,pathway:kegg_gme01220,participates_in,gene:gme_Gmet_1539,gmet_gs15,gmet_aromatics,2,kegg_pathway_annotation,pathway_membership,https://rest.kegg.jp/get/gme:Gmet_1539,Degradation of aromatic compounds
edge:gene:gme_Gmet_1540_member_of_gene:gmet_bsscab,gene:gme_Gmet_1540,gene:gmet_bsscab,member_of,gene:gme_Gmet_1540,gmet_gs15,gmet_aromatics,1,kegg_gene_annotation,structural_annotation,https://rest.kegg.jp/get/gme:Gmet_1540,Individual KEGG locus expanded from seed cluster/operon node
edge:gene:gme_Gmet_1540_participates_in_pathway:kegg_gme00623,gene:gme_Gmet_1540,pathway:kegg_gme00623,participates_in,gene:gme_Gmet_1540,gmet_gs15,gmet_aromatics,2,kegg_pathway_annotation,pathway_membership,https://rest.kegg.jp/get/gme:Gmet_1540,Toluene degradation
edge:gene:gme_Gmet_1540_participates_in_pathway:kegg_gme01100,gene:gme_Gmet_1540,pathway:kegg_gme01100,participates_in,gene:gme_Gmet_1540,gmet_gs15,gmet_aromatics,2,kegg_pathway_annotation,pathway_membership,https://rest.kegg.jp/get/gme:Gmet_1540,Metabolic pathways
edge:gene:gme_Gmet_1540_participates_in_pathway:kegg_gme01220,gene:gme_Gmet_1540,pathway:kegg_gme01220,participates_in,gene:gme_Gmet_1540,gmet_gs15,gmet_aromatics,2,kegg_pathway_annotation,pathway_membership,https://rest.kegg.jp/get/gme:Gmet_1540,Degradation of aromatic compounds
edge:gene:gme_Gmet_1528_member_of_gene:gmet_bbsabcd,gene:gme_Gmet_1528,gene:gmet_bbsabcd,member_of,gene:gme_Gmet_1528,gmet_gs15,gmet_aromatics,1,kegg_gene_annotation,structural_annotation,https://rest.kegg.jp/get/gme:Gmet_1528,Individual KEGG locus expanded from seed cluster/operon node
edge:gene:gme_Gmet_1528_participates_in_pathway:kegg_gme00623,gene:gme_Gmet_1528,pathway:kegg_gme00623,participates_in,gene:gme_Gmet_1528,gmet_gs15,gmet_aromatics,2,kegg_pathway_annotation,pathway_membership,https://rest.kegg.jp/get/gme:Gmet_1528,Toluene degradation
edge:gene:gme_Gmet_1528_participates_in_pathway:kegg_gme01100,gene:gme_Gmet_1528,pathway:kegg_gme01100,participates_in,gene:gme_Gmet_1528,gmet_gs15,gmet_aromatics,2,kegg_pathway_annotation,pathway_membership,https://rest.kegg.jp/get/gme:Gmet_1528,Metabolic pathways
edge:gene:gme_Gmet_1528_participates_in_pathway:kegg_gme01120,gene:gme_Gmet_1528,pathway:kegg_gme01120,participates_in,gene:gme_Gmet_1528,gmet_gs15,gmet_aromatics,2,kegg_pathway_annotation,pathway_membership,https://rest.kegg.jp/get/gme:Gmet_1528,Microbial metabolism in diverse environments
edge:gene:gme_Gmet_1528_participates_in_pathway:kegg_gme01220,gene:gme_Gmet_1528,pathway:kegg_gme01220,participates_in,gene:gme_Gmet_1528,gmet_gs15,gmet_aromatics,2,kegg_pathway_annotation,pathway_membership,https://rest.kegg.jp/get/gme:Gmet_1528,Degradation of aromatic compounds
edge:gene:gme_Gmet_1529_member_of_gene:gmet_bbsabcd,gene:gme_Gmet_1529,gene:gmet_bbsabcd,member_of,gene:gme_Gmet_1529,gmet_gs15,gmet_aromatics,1,kegg_gene_annotation,structural_annotation,https://rest.kegg.jp/get/gme:Gmet_1529,Individual KEGG locus expanded from seed cluster/operon node
edge:gene:gme_Gmet_1529_participates_in_pathway:kegg_gme00623,gene:gme_Gmet_1529,pathway:kegg_gme00623,participates_in,gene:gme_Gmet_1529,gmet_gs15,gmet_aromatics,2,kegg_pathway_annotation,pathway_membership,https://rest.kegg.jp/get/gme:Gmet_1529,Toluene degradation
edge:gene:gme_Gmet_1529_participates_in_pathway:kegg_gme01100,gene:gme_Gmet_1529,pathway:kegg_gme01100,participates_in,gene:gme_Gmet_1529,gmet_gs15,gmet_aromatics,2,kegg_pathway_annotation,pathway_membership,https://rest.kegg.jp/get/gme:Gmet_1529,Metabolic pathways
edge:gene:gme_Gmet_1529_participates_in_pathway:kegg_gme01120,gene:gme_Gmet_1529,pathway:kegg_gme01120,participates_in,gene:gme_Gmet_1529,gmet_gs15,gmet_aromatics,2,kegg_pathway_annotation,pathway_membership,https://rest.kegg.jp/get/gme:Gmet_1529,Microbial metabolism in diverse environments
edge:gene:gme_Gmet_1529_participates_in_pathway:kegg_gme01220,gene:gme_Gmet_1529,pathway:kegg_gme01220,participates_in,gene:gme_Gmet_1529,gmet_gs15,gmet_aromatics,2,kegg_pathway_annotation,pathway_membership,https://rest.kegg.jp/get/gme:Gmet_1529,Degradation of aromatic compounds
edge:gene:gme_Gmet_1530_member_of_gene:gmet_bbsabcd,gene:gme_Gmet_1530,gene:gmet_bbsabcd,member_of,gene:gme_Gmet_1530,gmet_gs15,gmet_aromatics,1,kegg_gene_annotation,structural_annotation,https://rest.kegg.jp/get/gme:Gmet_1530,Individual KEGG locus expanded from seed cluster/operon node
edge:gene:gme_Gmet_1531_member_of_gene:gmet_bbsabcd,gene:gme_Gmet_1531,gene:gmet_bbsabcd,member_of,gene:gme_Gmet_1531,gmet_gs15,gmet_aromatics,1,kegg_gene_annotation,structural_annotation,https://rest.kegg.jp/get/gme:Gmet_1531,Individual KEGG locus expanded from seed cluster/operon node
edge:gene:gme_Gmet_1531_participates_in_pathway:kegg_gme00623,gene:gme_Gmet_1531,pathway:kegg_gme00623,participates_in,gene:gme_Gmet_1531,gmet_gs15,gmet_aromatics,2,kegg_pathway_annotation,pathway_membership,https://rest.kegg.jp/get/gme:Gmet_1531,Toluene degradation
edge:gene:gme_Gmet_1531_participates_in_pathway:kegg_gme01100,gene:gme_Gmet_1531,pathway:kegg_gme01100,participates_in,gene:gme_Gmet_1531,gmet_gs15,gmet_aromatics,2,kegg_pathway_annotation,pathway_membership,https://rest.kegg.jp/get/gme:Gmet_1531,Metabolic pathways
edge:gene:gme_Gmet_1531_participates_in_pathway:kegg_gme01120,gene:gme_Gmet_1531,pathway:kegg_gme01120,participates_in,gene:gme_Gmet_1531,gmet_gs15,gmet_aromatics,2,kegg_pathway_annotation,pathway_membership,https://rest.kegg.jp/get/gme:Gmet_1531,Microbial metabolism in diverse environments
edge:gene:gme_Gmet_1531_participates_in_pathway:kegg_gme01220,gene:gme_Gmet_1531,pathway:kegg_gme01220,participates_in,gene:gme_Gmet_1531,gmet_gs15,gmet_aromatics,2,kegg_pathway_annotation,pathway_membership,https://rest.kegg.jp/get/gme:Gmet_1531,Degradation of aromatic compounds
edge:gene:gme_Gmet_1521_member_of_gene:gmet_bbs_efgh,gene:gme_Gmet_1521,gene:gmet_bbs_efgh,member_of,gene:gme_Gmet_1521,gmet_gs15,gmet_aromatics,1,kegg_gene_annotation,structural_annotation,https://rest.kegg.jp/get/gme:Gmet_1521,Individual KEGG locus expanded from seed cluster/operon node
edge:gene:gme_Gmet_1521_participates_in_pathway:kegg_gme00623,gene:gme_Gmet_1521,pathway:kegg_gme00623,participates_in,gene:gme_Gmet_1521,gmet_gs15,gmet_aromatics,2,kegg_pathway_annotation,pathway_membership,https://rest.kegg.jp/get/gme:Gmet_1521,Toluene degradation
edge:gene:gme_Gmet_1521_participates_in_pathway:kegg_gme01100,gene:gme_Gmet_1521,pathway:kegg_gme01100,participates_in,gene:gme_Gmet_1521,gmet_gs15,gmet_aromatics,2,kegg_pathway_annotation,pathway_membership,https://rest.kegg.jp/get/gme:Gmet_1521,Metabolic pathways
edge:gene:gme_Gmet_1521_participates_in_pathway:kegg_gme01120,gene:gme_Gmet_1521,pathway:kegg_gme01120,participates_in,gene:gme_Gmet_1521,gmet_gs15,gmet_aromatics,2,kegg_pathway_annotation,pathway_membership,https://rest.kegg.jp/get/gme:Gmet_1521,Microbial metabolism in diverse environments
edge:gene:gme_Gmet_1521_participates_in_pathway:kegg_gme01220,gene:gme_Gmet_1521,pathway:kegg_gme01220,participates_in,gene:gme_Gmet_1521,gmet_gs15,gmet_aromatics,2,kegg_pathway_annotation,pathway_membership,https://rest.kegg.jp/get/gme:Gmet_1521,Degradation of aromatic compounds
edge:gene:gme_Gmet_1522_member_of_gene:gmet_bbs_efgh,gene:gme_Gmet_1522,gene:gmet_bbs_efgh,member_of,gene:gme_Gmet_1522,gmet_gs15,gmet_aromatics,1,kegg_gene_annotation,structural_annotation,https://rest.kegg.jp/get/gme:Gmet_1522,Individual KEGG locus expanded from seed cluster/operon node
edge:gene:gme_Gmet_1522_participates_in_pathway:kegg_gme00623,gene:gme_Gmet_1522,pathway:kegg_gme00623,participates_in,gene:gme_Gmet_1522,gmet_gs15,gmet_aromatics,2,kegg_pathway_annotation,pathway_membership,https://rest.kegg.jp/get/gme:Gmet_1522,Toluene degradation
edge:gene:gme_Gmet_1522_participates_in_pathway:kegg_gme01100,gene:gme_Gmet_1522,pathway:kegg_gme01100,participates_in,gene:gme_Gmet_1522,gmet_gs15,gmet_aromatics,2,kegg_pathway_annotation,pathway_membership,https://rest.kegg.jp/get/gme:Gmet_1522,Metabolic pathways
edge:gene:gme_Gmet_1522_participates_in_pathway:kegg_gme01120,gene:gme_Gmet_1522,pathway:kegg_gme01120,participates_in,gene:gme_Gmet_1522,gmet_gs15,gmet_aromatics,2,kegg_pathway_annotation,pathway_membership,https://rest.kegg.jp/get/gme:Gmet_1522,Microbial metabolism in diverse environments
edge:gene:gme_Gmet_1522_participates_in_pathway:kegg_gme01220,gene:gme_Gmet_1522,pathway:kegg_gme01220,participates_in,gene:gme_Gmet_1522,gmet_gs15,gmet_aromatics,2,kegg_pathway_annotation,pathway_membership,https://rest.kegg.jp/get/gme:Gmet_1522,Degradation of aromatic compounds
edge:gene:gme_Gmet_1523_member_of_gene:gmet_bbs_efgh,gene:gme_Gmet_1523,gene:gmet_bbs_efgh,member_of,gene:gme_Gmet_1523,gmet_gs15,gmet_aromatics,1,kegg_gene_annotation,structural_annotation,https://rest.kegg.jp/get/gme:Gmet_1523,Individual KEGG locus expanded from seed cluster/operon node
edge:gene:gme_Gmet_1523_participates_in_pathway:kegg_gme00623,gene:gme_Gmet_1523,pathway:kegg_gme00623,participates_in,gene:gme_Gmet_1523,gmet_gs15,gmet_aromatics,2,kegg_pathway_annotation,pathway_membership,https://rest.kegg.jp/get/gme:Gmet_1523,Toluene degradation
edge:gene:gme_Gmet_1523_participates_in_pathway:kegg_gme01100,gene:gme_Gmet_1523,pathway:kegg_gme01100,participates_in,gene:gme_Gmet_1523,gmet_gs15,gmet_aromatics,2,kegg_pathway_annotation,pathway_membership,https://rest.kegg.jp/get/gme:Gmet_1523,Metabolic pathways
edge:gene:gme_Gmet_1523_participates_in_pathway:kegg_gme01120,gene:gme_Gmet_1523,pathway:kegg_gme01120,participates_in,gene:gme_Gmet_1523,gmet_gs15,gmet_aromatics,2,kegg_pathway_annotation,pathway_membership,https://rest.kegg.jp/get/gme:Gmet_1523,Microbial metabolism in diverse environments
edge:gene:gme_Gmet_1523_participates_in_pathway:kegg_gme01220,gene:gme_Gmet_1523,pathway:kegg_gme01220,participates_in,gene:gme_Gmet_1523,gmet_gs15,gmet_aromatics,2,kegg_pathway_annotation,pathway_membership,https://rest.kegg.jp/get/gme:Gmet_1523,Degradation of aromatic compounds
edge:gene:gme_Gmet_1524_member_of_gene:gmet_bbs_efgh,gene:gme_Gmet_1524,gene:gmet_bbs_efgh,member_of,gene:gme_Gmet_1524,gmet_gs15,gmet_aromatics,1,kegg_gene_annotation,structural_annotation,https://rest.kegg.jp/get/gme:Gmet_1524,Individual KEGG locus expanded from seed cluster/operon node
edge:gene:gme_Gmet_1524_participates_in_pathway:kegg_gme00623,gene:gme_Gmet_1524,pathway:kegg_gme00623,participates_in,gene:gme_Gmet_1524,gmet_gs15,gmet_aromatics,2,kegg_pathway_annotation,pathway_membership,https://rest.kegg.jp/get/gme:Gmet_1524,Toluene degradation
edge:gene:gme_Gmet_1524_participates_in_pathway:kegg_gme01100,gene:gme_Gmet_1524,pathway:kegg_gme01100,participates_in,gene:gme_Gmet_1524,gmet_gs15,gmet_aromatics,2,kegg_pathway_annotation,pathway_membership,https://rest.kegg.jp/get/gme:Gmet_1524,Metabolic pathways
edge:gene:gme_Gmet_1524_participates_in_pathway:kegg_gme01120,gene:gme_Gmet_1524,pathway:kegg_gme01120,participates_in,gene:gme_Gmet_1524,gmet_gs15,gmet_aromatics,2,kegg_pathway_annotation,pathway_membership,https://rest.kegg.jp/get/gme:Gmet_1524,Microbial metabolism in diverse environments
edge:gene:gme_Gmet_1524_participates_in_pathway:kegg_gme01220,gene:gme_Gmet_1524,pathway:kegg_gme01220,participates_in,gene:gme_Gmet_1524,gmet_gs15,gmet_aromatics,2,kegg_pathway_annotation,pathway_membership,https://rest.kegg.jp/get/gme:Gmet_1524,Degradation of aromatic compounds
edge:gene:gme_Gmet_2100_member_of_gene:gmet_phenylphosphate_synthase,gene:gme_Gmet_2100,gene:gmet_phenylphosphate_synthase,member_of,gene:gme_Gmet_2100,gmet_gs15,gmet_aromatics,1,kegg_gene_annotation,structural_annotation,https://rest.kegg.jp/get/gme:Gmet_2100,Individual KEGG locus expanded from seed cluster/operon node
edge:gene:gme_Gmet_2100_participates_in_pathway:kegg_gme00627,gene:gme_Gmet_2100,pathway:kegg_gme00627,participates_in,gene:gme_Gmet_2100,gmet_gs15,gmet_aromatics,2,kegg_pathway_annotation,pathway_membership,https://rest.kegg.jp/get/gme:Gmet_2100,Aminobenzoate degradation
edge:gene:gme_Gmet_2100_participates_in_pathway:kegg_gme01120,gene:gme_Gmet_2100,pathway:kegg_gme01120,participates_in,gene:gme_Gmet_2100,gmet_gs15,gmet_aromatics,2,kegg_pathway_annotation,pathway_membership,https://rest.kegg.jp/get/gme:Gmet_2100,Microbial metabolism in diverse environments
edge:gene:gme_Gmet_2101_member_of_gene:gmet_phenylphosphate_synthase,gene:gme_Gmet_2101,gene:gmet_phenylphosphate_synthase,member_of,gene:gme_Gmet_2101,gmet_gs15,gmet_aromatics,1,kegg_gene_annotation,structural_annotation,https://rest.kegg.jp/get/gme:Gmet_2101,Individual KEGG locus expanded from seed cluster/operon node
edge:gene:gme_Gmet_2101_participates_in_pathway:kegg_gme00627,gene:gme_Gmet_2101,pathway:kegg_gme00627,participates_in,gene:gme_Gmet_2101,gmet_gs15,gmet_aromatics,2,kegg_pathway_annotation,pathway_membership,https://rest.kegg.jp/get/gme:Gmet_2101,Aminobenzoate degradation
edge:gene:gme_Gmet_2101_participates_in_pathway:kegg_gme01120,gene:gme_Gmet_2101,pathway:kegg_gme01120,participates_in,gene:gme_Gmet_2101,gmet_gs15,gmet_aromatics,2,kegg_pathway_annotation,pathway_membership,https://rest.kegg.jp/get/gme:Gmet_2101,Microbial metabolism in diverse environments
edge:gene:gme_Gmet_2102_member_of_gene:gmet_phenylphosphate_carboxylase,gene:gme_Gmet_2102,gene:gmet_phenylphosphate_carboxylase,member_of,gene:gme_Gmet_2102,gmet_gs15,gmet_aromatics,1,kegg_gene_annotation,structural_annotation,https://rest.kegg.jp/get/gme:Gmet_2102,Individual KEGG locus expanded from seed cluster/operon node
edge:gene:gme_Gmet_2125_member_of_gene:gmet_p_cresol_methylhydroxylase,gene:gme_Gmet_2125,gene:gmet_p_cresol_methylhydroxylase,member_of,gene:gme_Gmet_2125,gmet_gs15,gmet_aromatics,1,kegg_gene_annotation,structural_annotation,https://rest.kegg.jp/get/gme:Gmet_2125,Individual KEGG locus expanded from seed cluster/operon node
edge:gene:gme_Gmet_2125_participates_in_pathway:kegg_gme00623,gene:gme_Gmet_2125,pathway:kegg_gme00623,participates_in,gene:gme_Gmet_2125,gmet_gs15,gmet_aromatics,2,kegg_pathway_annotation,pathway_membership,https://rest.kegg.jp/get/gme:Gmet_2125,Toluene degradation
edge:gene:gme_Gmet_2125_participates_in_pathway:kegg_gme01100,gene:gme_Gmet_2125,pathway:kegg_gme01100,participates_in,gene:gme_Gmet_2125,gmet_gs15,gmet_aromatics,2,kegg_pathway_annotation,pathway_membership,https://rest.kegg.jp/get/gme:Gmet_2125,Metabolic pathways
edge:gene:gme_Gmet_2125_participates_in_pathway:kegg_gme01120,gene:gme_Gmet_2125,pathway:kegg_gme01120,participates_in,gene:gme_Gmet_2125,gmet_gs15,gmet_aromatics,2,kegg_pathway_annotation,pathway_membership,https://rest.kegg.jp/get/gme:Gmet_2125,Microbial metabolism in diverse environments
edge:gene:gme_Gmet_2126_member_of_gene:gmet_p_cresol_methylhydroxylase,gene:gme_Gmet_2126,gene:gmet_p_cresol_methylhydroxylase,member_of,gene:gme_Gmet_2126,gmet_gs15,gmet_aromatics,1,kegg_gene_annotation,structural_annotation,https://rest.kegg.jp/get/gme:Gmet_2126,Individual KEGG locus expanded from seed cluster/operon node
edge:gene:gme_Gmet_2131_member_of_gene:gmet_2131_dehydrogenase,gene:gme_Gmet_2131,gene:gmet_2131_dehydrogenase,member_of,gene:gme_Gmet_2131,gmet_gs15,gmet_aromatics,1,kegg_gene_annotation,structural_annotation,https://rest.kegg.jp/get/gme:Gmet_2131,Individual KEGG locus expanded from seed cluster/operon node
edge:gene:gme_Gmet_2131_participates_in_pathway:kegg_gme00627,gene:gme_Gmet_2131,pathway:kegg_gme00627,participates_in,gene:gme_Gmet_2131,gmet_gs15,gmet_aromatics,2,kegg_pathway_annotation,pathway_membership,https://rest.kegg.jp/get/gme:Gmet_2131,Aminobenzoate degradation
edge:gene:gme_Gmet_2131_participates_in_pathway:kegg_gme01100,gene:gme_Gmet_2131,pathway:kegg_gme01100,participates_in,gene:gme_Gmet_2131,gmet_gs15,gmet_aromatics,2,kegg_pathway_annotation,pathway_membership,https://rest.kegg.jp/get/gme:Gmet_2131,Metabolic pathways
edge:gene:gme_Gmet_2131_participates_in_pathway:kegg_gme01120,gene:gme_Gmet_2131,pathway:kegg_gme01120,participates_in,gene:gme_Gmet_2131,gmet_gs15,gmet_aromatics,2,kegg_pathway_annotation,pathway_membership,https://rest.kegg.jp/get/gme:Gmet_2131,Microbial metabolism in diverse environments
edge:gene:gme_Gmet_2235_member_of_gene:gmet_2235_dehydrogenase,gene:gme_Gmet_2235,gene:gmet_2235_dehydrogenase,member_of,gene:gme_Gmet_2235,gmet_gs15,gmet_aromatics,1,kegg_gene_annotation,structural_annotation,https://rest.kegg.jp/get/gme:Gmet_2235,Individual KEGG locus expanded from seed cluster/operon node
edge:gene:gme_Gmet_2235_participates_in_pathway:kegg_gme00650,gene:gme_Gmet_2235,pathway:kegg_gme00650,participates_in,gene:gme_Gmet_2235,gmet_gs15,gmet_aromatics,2,kegg_pathway_annotation,pathway_membership,https://rest.kegg.jp/get/gme:Gmet_2235,Butanoate metabolism
edge:gene:gme_Gmet_2235_participates_in_pathway:kegg_gme01110,gene:gme_Gmet_2235,pathway:kegg_gme01110,participates_in,gene:gme_Gmet_2235,gmet_gs15,gmet_aromatics,2,kegg_pathway_annotation,pathway_membership,https://rest.kegg.jp/get/gme:Gmet_2235,Biosynthesis of secondary metabolites
edge:gene:gme_Gmet_2134_member_of_gene:gmet_4hbcoa_reductase,gene:gme_Gmet_2134,gene:gmet_4hbcoa_reductase,member_of,gene:gme_Gmet_2134,gmet_gs15,gmet_aromatics,1,kegg_gene_annotation,structural_annotation,https://rest.kegg.jp/get/gme:Gmet_2134,Individual KEGG locus expanded from seed cluster/operon node
edge:gene:gme_Gmet_2135_member_of_gene:gmet_4hbcoa_reductase,gene:gme_Gmet_2135,gene:gmet_4hbcoa_reductase,member_of,gene:gme_Gmet_2135,gmet_gs15,gmet_aromatics,1,kegg_gene_annotation,structural_annotation,https://rest.kegg.jp/get/gme:Gmet_2135,Individual KEGG locus expanded from seed cluster/operon node
edge:gene:gme_Gmet_2136_member_of_gene:gmet_4hbcoa_reductase,gene:gme_Gmet_2136,gene:gmet_4hbcoa_reductase,member_of,gene:gme_Gmet_2136,gmet_gs15,gmet_aromatics,1,kegg_gene_annotation,structural_annotation,https://rest.kegg.jp/get/gme:Gmet_2136,Individual KEGG locus expanded from seed cluster/operon node
edge:gene:gme_Gmet_2143_member_of_gene:gmet_bam_y,gene:gme_Gmet_2143,gene:gmet_bam_y,member_of,gene:gme_Gmet_2143,gmet_gs15,gmet_aromatics,1,kegg_gene_annotation,structural_annotation,https://rest.kegg.jp/get/gme:Gmet_2143,Individual KEGG locus expanded from seed cluster/operon node
edge:gene:gme_Gmet_2087_member_of_gene:gmet_bamb,gene:gme_Gmet_2087,gene:gmet_bamb,member_of,gene:gme_Gmet_2087,gmet_gs15,gmet_aromatics,1,kegg_gene_annotation,structural_annotation,https://rest.kegg.jp/get/gme:Gmet_2087,Individual KEGG locus expanded from seed cluster/operon node
edge:gene:gme_Gmet_2087_participates_in_pathway:kegg_gme00362,gene:gme_Gmet_2087,pathway:kegg_gme00362,participates_in,gene:gme_Gmet_2087,gmet_gs15,gmet_aromatics,2,kegg_pathway_annotation,pathway_membership,https://rest.kegg.jp/get/gme:Gmet_2087,Benzoate degradation
edge:gene:gme_Gmet_2087_participates_in_pathway:kegg_gme01100,gene:gme_Gmet_2087,pathway:kegg_gme01100,participates_in,gene:gme_Gmet_2087,gmet_gs15,gmet_aromatics,2,kegg_pathway_annotation,pathway_membership,https://rest.kegg.jp/get/gme:Gmet_2087,Metabolic pathways
edge:gene:gme_Gmet_2087_participates_in_pathway:kegg_gme01120,gene:gme_Gmet_2087,pathway:kegg_gme01120,participates_in,gene:gme_Gmet_2087,gmet_gs15,gmet_aromatics,2,kegg_pathway_annotation,pathway_membership,https://rest.kegg.jp/get/gme:Gmet_2087,Microbial metabolism in diverse environments
edge:gene:gme_Gmet_2087_participates_in_pathway:kegg_gme01220,gene:gme_Gmet_2087,pathway:kegg_gme01220,participates_in,gene:gme_Gmet_2087,gmet_gs15,gmet_aromatics,2,kegg_pathway_annotation,pathway_membership,https://rest.kegg.jp/get/gme:Gmet_2087,Degradation of aromatic compounds
edge:gene:gme_Gmet_2087_participates_in_pathway:kegg_gme_M00541,gene:gme_Gmet_2087,pathway:kegg_gme_M00541,participates_in,gene:gme_Gmet_2087,gmet_gs15,gmet_aromatics,2,kegg_module_annotation,module_membership,https://rest.kegg.jp/get/gme:Gmet_2087,"Benzoyl-CoA degradation, benzoyl-CoA => 3-hydroxypimeloyl-CoA"
edge:gene:gme_Gmet_2086_member_of_gene:gmet_bamc,gene:gme_Gmet_2086,gene:gmet_bamc,member_of,gene:gme_Gmet_2086,gmet_gs15,gmet_aromatics,1,kegg_gene_annotation,structural_annotation,https://rest.kegg.jp/get/gme:Gmet_2086,Individual KEGG locus expanded from seed cluster/operon node
edge:gene:gme_Gmet_2086_participates_in_pathway:kegg_gme00362,gene:gme_Gmet_2086,pathway:kegg_gme00362,participates_in,gene:gme_Gmet_2086,gmet_gs15,gmet_aromatics,2,kegg_pathway_annotation,pathway_membership,https://rest.kegg.jp/get/gme:Gmet_2086,Benzoate degradation
edge:gene:gme_Gmet_2086_participates_in_pathway:kegg_gme01100,gene:gme_Gmet_2086,pathway:kegg_gme01100,participates_in,gene:gme_Gmet_2086,gmet_gs15,gmet_aromatics,2,kegg_pathway_annotation,pathway_membership,https://rest.kegg.jp/get/gme:Gmet_2086,Metabolic pathways
edge:gene:gme_Gmet_2086_participates_in_pathway:kegg_gme01120,gene:gme_Gmet_2086,pathway:kegg_gme01120,participates_in,gene:gme_Gmet_2086,gmet_gs15,gmet_aromatics,2,kegg_pathway_annotation,pathway_membership,https://rest.kegg.jp/get/gme:Gmet_2086,Microbial metabolism in diverse environments
edge:gene:gme_Gmet_2086_participates_in_pathway:kegg_gme01220,gene:gme_Gmet_2086,pathway:kegg_gme01220,participates_in,gene:gme_Gmet_2086,gmet_gs15,gmet_aromatics,2,kegg_pathway_annotation,pathway_membership,https://rest.kegg.jp/get/gme:Gmet_2086,Degradation of aromatic compounds
edge:gene:gme_Gmet_2086_participates_in_pathway:kegg_gme_M00541,gene:gme_Gmet_2086,pathway:kegg_gme_M00541,participates_in,gene:gme_Gmet_2086,gmet_gs15,gmet_aromatics,2,kegg_module_annotation,module_membership,https://rest.kegg.jp/get/gme:Gmet_2086,"Benzoyl-CoA degradation, benzoyl-CoA => 3-hydroxypimeloyl-CoA"
edge:gene:gme_Gmet_2150_member_of_gene:gmet_bamr,gene:gme_Gmet_2150,gene:gmet_bamr,member_of,gene:gme_Gmet_2150,gmet_gs15,gmet_aromatics,1,kegg_gene_annotation,structural_annotation,https://rest.kegg.jp/get/gme:Gmet_2150,Individual KEGG locus expanded from seed cluster/operon node
edge:gene:gme_Gmet_2150_participates_in_pathway:kegg_gme00362,gene:gme_Gmet_2150,pathway:kegg_gme00362,participates_in,gene:gme_Gmet_2150,gmet_gs15,gmet_aromatics,2,kegg_pathway_annotation,pathway_membership,https://rest.kegg.jp/get/gme:Gmet_2150,Benzoate degradation
edge:gene:gme_Gmet_2150_participates_in_pathway:kegg_gme01100,gene:gme_Gmet_2150,pathway:kegg_gme01100,participates_in,gene:gme_Gmet_2150,gmet_gs15,gmet_aromatics,2,kegg_pathway_annotation,pathway_membership,https://rest.kegg.jp/get/gme:Gmet_2150,Metabolic pathways
edge:gene:gme_Gmet_2150_participates_in_pathway:kegg_gme01120,gene:gme_Gmet_2150,pathway:kegg_gme01120,participates_in,gene:gme_Gmet_2150,gmet_gs15,gmet_aromatics,2,kegg_pathway_annotation,pathway_membership,https://rest.kegg.jp/get/gme:Gmet_2150,Microbial metabolism in diverse environments
edge:gene:gme_Gmet_2150_participates_in_pathway:kegg_gme01220,gene:gme_Gmet_2150,pathway:kegg_gme01220,participates_in,gene:gme_Gmet_2150,gmet_gs15,gmet_aromatics,2,kegg_pathway_annotation,pathway_membership,https://rest.kegg.jp/get/gme:Gmet_2150,Degradation of aromatic compounds
edge:gene:gme_Gmet_2150_participates_in_pathway:kegg_gme_M00541,gene:gme_Gmet_2150,pathway:kegg_gme_M00541,participates_in,gene:gme_Gmet_2150,gmet_gs15,gmet_aromatics,2,kegg_module_annotation,module_membership,https://rest.kegg.jp/get/gme:Gmet_2150,"Benzoyl-CoA degradation, benzoyl-CoA => 3-hydroxypimeloyl-CoA"
edge:gene:gme_Gmet_2151_member_of_gene:gmet_bamq,gene:gme_Gmet_2151,gene:gmet_bamq,member_of,gene:gme_Gmet_2151,gmet_gs15,gmet_aromatics,1,kegg_gene_annotation,structural_annotation,https://rest.kegg.jp/get/gme:Gmet_2151,Individual KEGG locus expanded from seed cluster/operon node
edge:gene:gme_Gmet_2151_participates_in_pathway:kegg_gme00362,gene:gme_Gmet_2151,pathway:kegg_gme00362,participates_in,gene:gme_Gmet_2151,gmet_gs15,gmet_aromatics,2,kegg_pathway_annotation,pathway_membership,https://rest.kegg.jp/get/gme:Gmet_2151,Benzoate degradation
edge:gene:gme_Gmet_2151_participates_in_pathway:kegg_gme01100,gene:gme_Gmet_2151,pathway:kegg_gme01100,participates_in,gene:gme_Gmet_2151,gmet_gs15,gmet_aromatics,2,kegg_pathway_annotation,pathway_membership,https://rest.kegg.jp/get/gme:Gmet_2151,Metabolic pathways
edge:gene:gme_Gmet_2151_participates_in_pathway:kegg_gme01120,gene:gme_Gmet_2151,pathway:kegg_gme01120,participates_in,gene:gme_Gmet_2151,gmet_gs15,gmet_aromatics,2,kegg_pathway_annotation,pathway_membership,https://rest.kegg.jp/get/gme:Gmet_2151,Microbial metabolism in diverse environments
edge:gene:gme_Gmet_2151_participates_in_pathway:kegg_gme01220,gene:gme_Gmet_2151,pathway:kegg_gme01220,participates_in,gene:gme_Gmet_2151,gmet_gs15,gmet_aromatics,2,kegg_pathway_annotation,pathway_membership,https://rest.kegg.jp/get/gme:Gmet_2151,Degradation of aromatic compounds
edge:gene:gme_Gmet_2151_participates_in_pathway:kegg_gme_M00541,gene:gme_Gmet_2151,pathway:kegg_gme_M00541,participates_in,gene:gme_Gmet_2151,gmet_gs15,gmet_aromatics,2,kegg_module_annotation,module_membership,https://rest.kegg.jp/get/gme:Gmet_2151,"Benzoyl-CoA degradation, benzoyl-CoA => 3-hydroxypimeloyl-CoA"
edge:gene:gme_Gmet_3305_member_of_gene:gmet_oah2,gene:gme_Gmet_3305,gene:gmet_oah2,member_of,gene:gme_Gmet_3305,gmet_gs15,gmet_aromatics,1,kegg_gene_annotation,structural_annotation,https://rest.kegg.jp/get/gme:Gmet_3305,Individual KEGG locus expanded from seed cluster/operon node
edge:gene:gme_Gmet_3305_participates_in_pathway:kegg_gme00362,gene:gme_Gmet_3305,pathway:kegg_gme00362,participates_in,gene:gme_Gmet_3305,gmet_gs15,gmet_aromatics,2,kegg_pathway_annotation,pathway_membership,https://rest.kegg.jp/get/gme:Gmet_3305,Benzoate degradation
edge:gene:gme_Gmet_3305_participates_in_pathway:kegg_gme01100,gene:gme_Gmet_3305,pathway:kegg_gme01100,participates_in,gene:gme_Gmet_3305,gmet_gs15,gmet_aromatics,2,kegg_pathway_annotation,pathway_membership,https://rest.kegg.jp/get/gme:Gmet_3305,Metabolic pathways
edge:gene:gme_Gmet_3305_participates_in_pathway:kegg_gme01120,gene:gme_Gmet_3305,pathway:kegg_gme01120,participates_in,gene:gme_Gmet_3305,gmet_gs15,gmet_aromatics,2,kegg_pathway_annotation,pathway_membership,https://rest.kegg.jp/get/gme:Gmet_3305,Microbial metabolism in diverse environments
edge:gene:gme_Gmet_3305_participates_in_pathway:kegg_gme01220,gene:gme_Gmet_3305,pathway:kegg_gme01220,participates_in,gene:gme_Gmet_3305,gmet_gs15,gmet_aromatics,2,kegg_pathway_annotation,pathway_membership,https://rest.kegg.jp/get/gme:Gmet_3305,Degradation of aromatic compounds
edge:gene:gme_Gmet_3305_participates_in_pathway:kegg_gme_M00541,gene:gme_Gmet_3305,pathway:kegg_gme_M00541,participates_in,gene:gme_Gmet_3305,gmet_gs15,gmet_aromatics,2,kegg_module_annotation,module_membership,https://rest.kegg.jp/get/gme:Gmet_3305,"Benzoyl-CoA degradation, benzoyl-CoA => 3-hydroxypimeloyl-CoA"
edge:gene:gsu_GSU2950_member_of_gene:gsu_ars_operon,gene:gsu_GSU2950,gene:gsu_ars_operon,member_of,gene:gsu_GSU2950,gsu_pca,gsu_arsenic,1,kegg_gene_annotation,structural_annotation,https://rest.kegg.jp/get/gsu:GSU2950,Individual KEGG locus expanded from seed cluster/operon node
edge:gene:gsu_GSU2951_member_of_gene:gsu_ars_operon,gene:gsu_GSU2951,gene:gsu_ars_operon,member_of,gene:gsu_GSU2951,gsu_pca,gsu_arsenic,1,kegg_gene_annotation,structural_annotation,https://rest.kegg.jp/get/gsu:GSU2951,Individual KEGG locus expanded from seed cluster/operon node
edge:gene:gsu_GSU2952_member_of_gene:gsu_ars_operon,gene:gsu_GSU2952,gene:gsu_ars_operon,member_of,gene:gsu_GSU2952,gsu_pca,gsu_arsenic,1,kegg_gene_annotation,structural_annotation,https://rest.kegg.jp/get/gsu:GSU2952,Individual KEGG locus expanded from seed cluster/operon node
edge:gene:gsu_GSU2953_member_of_gene:gsu_ars_operon,gene:gsu_GSU2953,gene:gsu_ars_operon,member_of,gene:gsu_GSU2953,gsu_pca,gsu_arsenic,1,kegg_gene_annotation,structural_annotation,https://rest.kegg.jp/get/gsu:GSU2953,Individual KEGG locus expanded from seed cluster/operon node
edge:gene:gsu_GSU2954_member_of_gene:gsu_ars_operon,gene:gsu_GSU2954,gene:gsu_ars_operon,member_of,gene:gsu_GSU2954,gsu_pca,gsu_arsenic,1,kegg_gene_annotation,structural_annotation,https://rest.kegg.jp/get/gsu:GSU2954,Individual KEGG locus expanded from seed cluster/operon node
edge:gene:gsu_GSU2955_member_of_gene:gsu_ars_operon,gene:gsu_GSU2955,gene:gsu_ars_operon,member_of,gene:gsu_GSU2955,gsu_pca,gsu_arsenic,1,kegg_gene_annotation,structural_annotation,https://rest.kegg.jp/get/gsu:GSU2955,Individual KEGG locus expanded from seed cluster/operon node
edge:gene:gsu_GSU2956_member_of_gene:gsu_ars_operon,gene:gsu_GSU2956,gene:gsu_ars_operon,member_of,gene:gsu_GSU2956,gsu_pca,gsu_arsenic,1,kegg_gene_annotation,structural_annotation,https://rest.kegg.jp/get/gsu:GSU2956,Individual KEGG locus expanded from seed cluster/operon node
edge:gene:gsu_GSU2957_member_of_gene:gsu_ars_operon,gene:gsu_GSU2957,gene:gsu_ars_operon,member_of,gene:gsu_GSU2957,gsu_pca,gsu_arsenic,1,kegg_gene_annotation,structural_annotation,https://rest.kegg.jp/get/gsu:GSU2957,Individual KEGG locus expanded from seed cluster/operon node
edge:gene:gsu_GSU2958_member_of_gene:gsu_ars_operon,gene:gsu_GSU2958,gene:gsu_ars_operon,member_of,gene:gsu_GSU2958,gsu_pca,gsu_arsenic,1,kegg_gene_annotation,structural_annotation,https://rest.kegg.jp/get/gsu:GSU2958,Individual KEGG locus expanded from seed cluster/operon node
edge:gene:gsu_GSU2959_member_of_gene:gsu_ars_operon,gene:gsu_GSU2959,gene:gsu_ars_operon,member_of,gene:gsu_GSU2959,gsu_pca,gsu_arsenic,1,kegg_gene_annotation,structural_annotation,https://rest.kegg.jp/get/gsu:GSU2959,Individual KEGG locus expanded from seed cluster/operon node
edge:gene:gsu_GSU2952_member_of_gene:gsu_arsr1,gene:gsu_GSU2952,gene:gsu_arsr1,member_of,gene:gsu_GSU2952,gsu_pca,gsu_arsenic,1,kegg_gene_annotation,structural_annotation,https://rest.kegg.jp/get/gsu:GSU2952,Individual KEGG locus expanded from seed cluster/operon node
edge:gene:gsu_GSU2953_member_of_gene:gsu_arsc,gene:gsu_GSU2953,gene:gsu_arsc,member_of,gene:gsu_GSU2953,gsu_pca,gsu_arsenic,1,kegg_gene_annotation,structural_annotation,https://rest.kegg.jp/get/gsu:GSU2953,Individual KEGG locus expanded from seed cluster/operon node
edge:gene:gsu_GSU2954_member_of_gene:gsu_acr3,gene:gsu_GSU2954,gene:gsu_acr3,member_of,gene:gsu_GSU2954,gsu_pca,gsu_arsenic,1,kegg_gene_annotation,structural_annotation,https://rest.kegg.jp/get/gsu:GSU2954,Individual KEGG locus expanded from seed cluster/operon node
edge:gene:gme_Gmet_0521_member_of_gene:gmet_arsc,gene:gme_Gmet_0521,gene:gmet_arsc,member_of,gene:gme_Gmet_0521,gmet_gs15,gmet_arsenic,1,kegg_gene_annotation,structural_annotation,https://rest.kegg.jp/get/gme:Gmet_0521,Individual KEGG locus expanded from seed cluster/operon node
edge:gene:gme_Gmet_0520_member_of_gene:gmet_acr3,gene:gme_Gmet_0520,gene:gmet_acr3,member_of,gene:gme_Gmet_0520,gmet_gs15,gmet_arsenic,1,kegg_gene_annotation,structural_annotation,https://rest.kegg.jp/get/gme:Gmet_0520,Individual KEGG locus expanded from seed cluster/operon node
edge:gene:gme_Gmet_2791_member_of_gene:gmet_arsm,gene:gme_Gmet_2791,gene:gmet_arsm,member_of,gene:gme_Gmet_2791,gmet_gs15,gmet_arsenic,1,kegg_gene_annotation,structural_annotation,https://rest.kegg.jp/get/gme:Gmet_2791,Individual KEGG locus expanded from seed cluster/operon node
